NAME	ORIGINAL SIZE	AFTER RESTRICTING TO DATASET	STATUS	
KEGG_MEDICUS_ENV_FACTOR_ARSENIC_TO_ELECTRON_TRANSFER_IN_COMPLEX_IV	21		Rejected!	
KEGG_MEDICUS_ENV_FACTOR_BENZO_A_PYRENRE_TO_CYP_MEDIATED_METABOLISM	11		Rejected!	
KEGG_MEDICUS_ENV_FACTOR_DCE_TO_DNA_ADDUCTS	19		Rejected!	
KEGG_MEDICUS_ENV_FACTOR_E2_TO_NUCLEAR_INITIATED_ESTROGEN_SIGNALING_PATHWAY	7		Rejected!	
KEGG_MEDICUS_ENV_FACTOR_E2_TO_RAS_ERK_SIGNALING_PATHWAY	16	15		
KEGG_MEDICUS_ENV_FACTOR_IRON_TO_ANTEROGRADE_AXONAL_TRANSPORT	19	15		
KEGG_MEDICUS_ENV_FACTOR_METALS_TO_JNK_SIGNALING_PATHWAY	8		Rejected!	
KEGG_MEDICUS_ENV_FACTOR_METALS_TO_KEAP1_NRF2_SIGNALIG_PATHWAY	9		Rejected!	
KEGG_MEDICUS_ENV_FACTOR_METALS_TO_NFKB_SIGNALING_PATHWAY	15	15		
KEGG_MEDICUS_ENV_FACTOR_METALS_TO_RAS_ERK_SIGNALING_PATHWAY	12		Rejected!	
KEGG_MEDICUS_ENV_FACTOR_NICOTINE_NNK_TO_PI3K_SIGNALING_PATHWAY	11		Rejected!	
KEGG_MEDICUS_ENV_FACTOR_NICOTINE_TO_JAK_STAT_SIGNALING_PATHWAY	5		Rejected!	
KEGG_MEDICUS_ENV_FACTOR_NNK_NNN_TO_CHRNA7_E2F_SIGNALING_PATHWAY	10		Rejected!	
KEGG_MEDICUS_ENV_FACTOR_NNK_NNN_TO_PI3K_SIGNALING_PATHWAY_N01339	11		Rejected!	
KEGG_MEDICUS_ENV_FACTOR_NNK_NNN_TO_PI3K_SIGNALING_PATHWAY_N01350	12		Rejected!	
KEGG_MEDICUS_ENV_FACTOR_NNK_NNN_TO_RAS_ERK_SIGNALING_PATHWAY	19	18		
KEGG_MEDICUS_ENV_FACTOR_NNK_TO_DNA_ADDUCTS	5		Rejected!	
KEGG_MEDICUS_ENV_FACTOR_PARAQUAT_TO_FAS_JNK_SIGNALING_PATHWAY	5		Rejected!	
KEGG_MEDICUS_ENV_FACTOR_PHIP_TO_DNA_ADDUCTS	5		Rejected!	
KEGG_MEDICUS_ENV_FACTOR_TCDD_TO_AHR_SIGNALING_PATHWAY	23	17		
KEGG_MEDICUS_ENV_FACTOR_ZN_TO_ANTEROGRADE_AXONAL_TRANSPORT	19	15		
KEGG_MEDICUS_PATHOGEN_ARSENIC_TO_ELECTRON_TRANSFER_IN_COMPLEX_II	6		Rejected!	
KEGG_MEDICUS_PATHOGEN_EBV_BARF1_TO_INTRINSIC_APOPTOTIC_PATHWAY	7		Rejected!	
KEGG_MEDICUS_PATHOGEN_EBV_EBNA1_TO_P53_MEDIATED_TRANSCRIPTION	10		Rejected!	
KEGG_MEDICUS_PATHOGEN_EBV_EBNA2_TO_RBP_JK_MEDIATED_TRANSCRIPTION	7		Rejected!	
KEGG_MEDICUS_PATHOGEN_EBV_EBNA3C_TO_CELL_CYCLE_G1_S_N00483	9		Rejected!	
KEGG_MEDICUS_PATHOGEN_EBV_EBNA3C_TO_CELL_CYCLE_G1_S_N00484	5		Rejected!	
KEGG_MEDICUS_PATHOGEN_EBV_EBNA3C_TO_P27_CELL_CYCLE_G1_S_N00264	11		Rejected!	
KEGG_MEDICUS_PATHOGEN_EBV_EBNA3C_TO_P27_CELL_CYCLE_G1_S_N00482	9		Rejected!	
KEGG_MEDICUS_PATHOGEN_EBV_EBNA3C_TO_P53_MEDIATED_TRANSCRIPTION	10		Rejected!	
KEGG_MEDICUS_PATHOGEN_EBV_LMP1_TO_NFKB_SIGNALING_PATHWAY	11		Rejected!	
KEGG_MEDICUS_PATHOGEN_EBV_LMP1_TO_PI3K_SIGNALING_PATHWAY	5		Rejected!	
KEGG_MEDICUS_PATHOGEN_EBV_LMP2A_TO_PI3K_SIGNALING_PATHWAY	5		Rejected!	
KEGG_MEDICUS_PATHOGEN_ESCHERICHIA_EAE_TIR_TCCP_TO_ACTIN_SIGNALING_PATHWAY	14		Rejected!	
KEGG_MEDICUS_PATHOGEN_ESCHERICHIA_EAE_TIR_TO_ACTIN_SIGNALING_PATHWAY	17	17		
KEGG_MEDICUS_PATHOGEN_ESCHERICHIA_ESPG_TO_MICROTUBULE_RHOA_SIGNALING_PATHWAY	17		Rejected!	
KEGG_MEDICUS_PATHOGEN_ESCHERICHIA_ESPJ_TO_IGG_FCGR_RAC_SIGNALING_PATHWAY	5		Rejected!	
KEGG_MEDICUS_PATHOGEN_ESCHERICHIA_ESPT_TO_RAC_SIGNALING_PATHWAY	14		Rejected!	
KEGG_MEDICUS_PATHOGEN_ESCHERICHIA_MAP_TO_CDC42_SIGNALING_PATHWAY	13		Rejected!	
KEGG_MEDICUS_PATHOGEN_ESCHERICHIA_MAP_TO_LPA_GNA12_13_RHOA_SIGNALING_PATHWAY	5		Rejected!	
KEGG_MEDICUS_PATHOGEN_ESCHERICHIA_TIR_TO_TLR2_4_MAPK_SIGNALING_PATHWAY	5		Rejected!	
KEGG_MEDICUS_PATHOGEN_HBV_HBX_TO_CREB_MEDIATED_TRANSCRIPTION	13		Rejected!	
KEGG_MEDICUS_PATHOGEN_HBV_HBX_TO_ERK_SIGNALING_PATHWAY	5		Rejected!	
KEGG_MEDICUS_PATHOGEN_HBV_HBX_TO_RAS_ERK_SIGNALING_PATHWAY	15	15		
KEGG_MEDICUS_PATHOGEN_HBV_LHBS_TO_PKC_ERK_SIGNALING_PATHWAY	12		Rejected!	
KEGG_MEDICUS_PATHOGEN_HCMV_GB_TO_PDGFR_RAS_ERK_SIGNALING_PATHWAY	15	15		
KEGG_MEDICUS_PATHOGEN_HCMV_GH_TO_ITGA_B_RHOA_SIGNALING_PATHWAY	7		Rejected!	
KEGG_MEDICUS_PATHOGEN_HCMV_UL33_TO_GNAI_AC_PKA_SIGNALING_PATHWAY	26	23		
KEGG_MEDICUS_PATHOGEN_HCMV_UL33_TO_GNAQ_PLCB_G_CALCINEURIN_SIGNALING_PATHWAY	6		Rejected!	
KEGG_MEDICUS_PATHOGEN_HCMV_UL33_TO_GNB_G_RHO_SIGNALING_PATHWAY	33	29		
KEGG_MEDICUS_PATHOGEN_HCMV_US27_TO_CXCR4_GNB_G_PLCB_PKC_SIGNALING_PATHWAY	8		Rejected!	
KEGG_MEDICUS_PATHOGEN_HCMV_US28_TO_GNA12_13_RHO_SIGNALING_PATHWAY	13		Rejected!	
KEGG_MEDICUS_PATHOGEN_HCMV_US28_TO_GNAQ_PLCB_G_CALCINEURIN_SIGNALING_PATHWAY	19	17		
KEGG_MEDICUS_PATHOGEN_HCMV_US28_TO_GNB_G_PI3K_NFKB_SIGNALING_PATHWAY	31	27		
KEGG_MEDICUS_PATHOGEN_HCV_CORE_TO_ERK_SIGNALING_PATHWAY	13		Rejected!	
KEGG_MEDICUS_PATHOGEN_HCV_CORE_TO_RXRA_LXRA_MEDIATED_TRANSCRIPTION	6		Rejected!	
KEGG_MEDICUS_PATHOGEN_HCV_CORE_TO_RXRA_PPARA_MEDIATED_TRANSCRIPTION	5		Rejected!	
KEGG_MEDICUS_PATHOGEN_HIV_GP120_TO_CXCR4_GNAI_PI3K_BAD_SIGNALING_PATHWAY	12		Rejected!	
KEGG_MEDICUS_PATHOGEN_HIV_GP120_TO_CXCR4_GNAQ_PLCB_G_CALCINEURIN	17	15		
KEGG_MEDICUS_PATHOGEN_HIV_GP120_TO_CXCR4_GNB_G_RAC_SIGNALING_PATHWAY	26	21		
KEGG_MEDICUS_PATHOGEN_HIV_GP120_TO_TNF_NFKB_SIGNALING_PATHWAY	15	15		
KEGG_MEDICUS_PATHOGEN_HIV_NEF_TO_TNF_NFKB_SIGNALING_PATHWAY	14		Rejected!	
KEGG_MEDICUS_PATHOGEN_HIV_TAT_NEF_TO_CROSSTALK_BETWEEN_EXTRINSIC_AND_INTRINSIC_APOPTOTIC_PATHWAYS	8		Rejected!	
KEGG_MEDICUS_PATHOGEN_HIV_TAT_TO_TLR2_4_NFKB_SIGNALING_PATHWAY	17		Rejected!	
KEGG_MEDICUS_PATHOGEN_HIV_VPR_TAT_TO_TNF_JNK_SIGNALING_PATHWAY	5		Rejected!	
KEGG_MEDICUS_PATHOGEN_HIV_VPR_TO_CDC25_CELL_CYCLE_G2M	11		Rejected!	
KEGG_MEDICUS_PATHOGEN_HIV_VPR_TO_WEE1_CELL_CYCLE_G2M	5		Rejected!	
KEGG_MEDICUS_PATHOGEN_HPV_E5_TO_ANTIGEN_PROCESSING_AND_PRESENTATION_BY_MHC_CLASS_I_MOLECULES	7		Rejected!	
KEGG_MEDICUS_PATHOGEN_HPV_E5_TO_EGFR_RAS_ERK_SIGNALING_PATHWAY	15	15		
KEGG_MEDICUS_PATHOGEN_HPV_E6_TO_NOTCH_SIGNALING_PATHWAY_N00380	12		Rejected!	
KEGG_MEDICUS_PATHOGEN_HPV_E6_TO_NOTCH_SIGNALING_PATHWAY_N00381	12		Rejected!	
KEGG_MEDICUS_PATHOGEN_HPV_E6_TO_NOTCH_SIGNALING_PATHWAY_N00382	13		Rejected!	
KEGG_MEDICUS_PATHOGEN_HPV_E7_TO_CELL_CYCLE_G1_S	6		Rejected!	
KEGG_MEDICUS_PATHOGEN_HPV_E7_TO_P27_CELL_CYCLE_G1_S	7		Rejected!	
KEGG_MEDICUS_PATHOGEN_HSV_GD_TO_HVEM_NFKB_SIGNALING_PATHWAY	12		Rejected!	
KEGG_MEDICUS_PATHOGEN_HTLV_1_P12_TO_ANTIGEN_PROCESSING_AND_PRESENTATION_BY_MHC_CLASS_I_MOLECULES	7		Rejected!	
KEGG_MEDICUS_PATHOGEN_HTLV_1_P12_TO_JAK_STAT_SIGNALING_PATHWAY	7		Rejected!	
KEGG_MEDICUS_PATHOGEN_HTLV_1_TAX_TO_E47_MEDIATED_TRANSCRIPTION	5		Rejected!	
KEGG_MEDICUS_PATHOGEN_HTLV_1_TAX_TO_NFY_MEDIATED_TRANSCRIPTION	15		Rejected!	
KEGG_MEDICUS_PATHOGEN_HTLV_1_TAX_TO_P21_CELL_CYCLE_G1_S_N00497	9		Rejected!	
KEGG_MEDICUS_PATHOGEN_HTLV_1_TAX_TO_P21_CELL_CYCLE_G1_S_N00498	8		Rejected!	
KEGG_MEDICUS_PATHOGEN_HTLV_1_TAX_TO_SPINDLE_ASSEMBLY_CHECKPOINT_SIGNALING	16	15		
KEGG_MEDICUS_PATHOGEN_HTLV_1_TAX_TO_SRF_MEDIATED_TRANSCRIPTION	5		Rejected!	
KEGG_MEDICUS_PATHOGEN_HTLV_1_TAX_TO_TNF_JNK_SIGNALING_PATHWAY	5		Rejected!	
KEGG_MEDICUS_PATHOGEN_KSHV_K15_TO_TNF_NFKB_SIGNALING_PATHWAY	8		Rejected!	
KEGG_MEDICUS_PATHOGEN_KSHV_LANA_TO_WNT_SIGNALING_PATHWAY	7		Rejected!	
KEGG_MEDICUS_PATHOGEN_KSHV_MIR1_2_TO_ANTIGEN_PROCESSING_AND_PRESENTATION_BY_MHC_CLASS_I_MOLECULES	6		Rejected!	
KEGG_MEDICUS_PATHOGEN_KSHV_MIR2_TO_CELL_SURFACE_MOLECULE_ENDOCYTOSIS	6		Rejected!	
KEGG_MEDICUS_PATHOGEN_KSHV_VCYCLIN_TO_CELL_CYCLE_G1_S	6		Rejected!	
KEGG_MEDICUS_PATHOGEN_KSHV_VFLIP_TO_NFKB_SIGNALING_PATHWAY	6		Rejected!	
KEGG_MEDICUS_PATHOGEN_KSHV_VFLIP_TO_TNF_NFKB_SIGNALING_PATHWAY	7		Rejected!	
KEGG_MEDICUS_PATHOGEN_KSHV_VGPCR_TO_GNB_G_ERK_SIGNALING_PATHWAY	31	28		
KEGG_MEDICUS_PATHOGEN_KSHV_VGPCR_TO_GNB_G_PI3K_AKT_SIGNALING_PATHWAY	24	18		
KEGG_MEDICUS_PATHOGEN_KSHV_VGPCR_TO_GNB_G_PI3K_JNK_SIGNALING_PATHWAY	29	22		
KEGG_MEDICUS_PATHOGEN_SALMONELLA_AVRA_TO_BETA_CATENIN_SIGNALING_PATHWAY	6		Rejected!	
KEGG_MEDICUS_PATHOGEN_SALMONELLA_SIFA_TO_MICROTUBULE_PLUS_END_DIRECTED_TRANSPORT	25	20		
KEGG_MEDICUS_PATHOGEN_SALMONELLA_SIFA_TO_TETHERING_OF_LATE_ENDOSOMES_AND_LYSOSOMES	9		Rejected!	
KEGG_MEDICUS_PATHOGEN_SALMONELLA_SOPB_TO_ARNO_ARF_ACTB_G_SIGNALING_PATHWAY	30	28		
KEGG_MEDICUS_PATHOGEN_SALMONELLA_SOPB_TO_RHOA_SIGNALING_PATHWAY	10		Rejected!	
KEGG_MEDICUS_PATHOGEN_SALMONELLA_SOPB_TO_RHOG_SIGNALING_PATHWAY	5		Rejected!	
KEGG_MEDICUS_PATHOGEN_SALMONELLA_SOPE_E2_TO_NOD_NFKB_SIGNALING_PATHWAY	9		Rejected!	
KEGG_MEDICUS_PATHOGEN_SALMONELLA_SOPE_TO_RAC_SIGNALING_PATHWAY	20	20		
KEGG_MEDICUS_PATHOGEN_SALMONELLA_SPVD_TO_TNF_NFKB_SIGNALING_PATHWAY	5		Rejected!	
KEGG_MEDICUS_PATHOGEN_SARS_COV_2_S_N_TO_LECTIN_PATHWAY_OF_COAGULATION_CASCADE	6		Rejected!	
KEGG_MEDICUS_PATHOGEN_SARS_COV_2_S_TO_ANGII_AT1R_NOX2_SIGNALING_PATHWAY	14		Rejected!	
KEGG_MEDICUS_PATHOGEN_SARS_COV_2_S_TO_CLASSICAL_PATHWAY_OF_COMPLEMENT_CASCADE	6		Rejected!	
KEGG_MEDICUS_PATHOGEN_SHIGELLA_FIMA_TO_CROSSTALK_BETWEEN_EXTRINSIC_AND_INTRINSIC_APOPTOTIC_PATHWAYS	6		Rejected!	
KEGG_MEDICUS_PATHOGEN_SHIGELLA_IPAA_TO_ITGA_B_RHOGEF_RHOA_SIGNALING_PATHWAY	11		Rejected!	
KEGG_MEDICUS_PATHOGEN_SHIGELLA_IPAB_C_D_TO_ITGA_B_TALIN_VINCULIN_SIGNALING_PATHWAY	9		Rejected!	
KEGG_MEDICUS_PATHOGEN_SHIGELLA_IPAC_TO_ACTIN_SIGNALING_PATHWAY	13		Rejected!	
KEGG_MEDICUS_PATHOGEN_SHIGELLA_IPAH7.8_TO_NLRP3_INFLAMMASOME_SIGNALING_PATHWAY	5		Rejected!	
KEGG_MEDICUS_PATHOGEN_SHIGELLA_IPGB1_TO_ITGA_B_RHOG_RAC_SIGNALING_PATHWAY	5		Rejected!	
KEGG_MEDICUS_PATHOGEN_SHIGELLA_IPGD_TO_ARNO_ARF_ACTB_G_SIGNALING_PATHWAY	29	28		
KEGG_MEDICUS_PATHOGEN_SHIGELLA_OSPF_TO_TLR2_4_MAPK_SIGNALING_PATHWAY	6		Rejected!	
KEGG_MEDICUS_PATHOGEN_SHIGELLA_OSPG_TO_TNF_NFKB_SIGNALING_PATHWAY	7		Rejected!	
KEGG_MEDICUS_PATHOGEN_YERSINIA_YOPH_TO_TCR_NFAT_SIGNALING_PATHWAY	5		Rejected!	
KEGG_MEDICUS_PATHOGEN_YERSINIA_YOPP_J_TO_TLR2_4_MAPK_SIGNALING_PATHWAY	6		Rejected!	
KEGG_MEDICUS_REFERENCE_26S_PROTEASOME_MEDIATED_PROTEIN_DEGRADATION	39	38		
KEGG_MEDICUS_REFERENCE_ACH_CHRN_PI3K_SIGNALING_PATHWAY	7		Rejected!	
KEGG_MEDICUS_REFERENCE_ACH_CHRN_RAS_ERK_SIGNALING_PATHWAY	21	20		
KEGG_MEDICUS_REFERENCE_ACTH_CORTISOL_SIGNALING_PATHWAY	32	24		
KEGG_MEDICUS_REFERENCE_ACTIVATION_OF_PRC2.2_BY_UBIQUITINATION_OF_H2AK119	22	21		
KEGG_MEDICUS_REFERENCE_ACTIVATION_OF_PRC2.2_BY_UBIQUITINATION_OF_H2AK119_IN_GERMLINE_GENES	27	26		
KEGG_MEDICUS_REFERENCE_ACTIVIN_SIGNALING_PATHWAY	8		Rejected!	
KEGG_MEDICUS_REFERENCE_ADRB3_UCP1_SIGNALING_PATHWAY	35	30		
KEGG_MEDICUS_REFERENCE_AGE_RAGE_SIGNALING_PATHWAY	16		Rejected!	
KEGG_MEDICUS_REFERENCE_AHR_SIGNALING_PATHWAY	8		Rejected!	
KEGG_MEDICUS_REFERENCE_ALTERNATIVE_PATHWAY_OF_COMPLEMENT_CASCADE_C3B_BREAKDOWN	5		Rejected!	
KEGG_MEDICUS_REFERENCE_AMH_SIGNALING_PATHWAY	9		Rejected!	
KEGG_MEDICUS_REFERENCE_ANGII_AT1R_NOX2_SIGNALING_PATHWAY	8		Rejected!	
KEGG_MEDICUS_REFERENCE_ANGIOTENSIN_ALDOSTERONE_SIGNALING_PATHWAY	28	25		
KEGG_MEDICUS_REFERENCE_ANTEROGRADE_AXONAL_TRANSPORT	24	19		
KEGG_MEDICUS_REFERENCE_ANTIGEN_PROCESSING_AND_PRESENTATION_BY_MHC_CLASS_II_MOLECULES	15		Rejected!	
KEGG_MEDICUS_REFERENCE_ANTIGEN_PROCESSING_AND_PRESENTATION_BY_MHC_CLASS_I_MOLECULES	12		Rejected!	
KEGG_MEDICUS_REFERENCE_ANXA2_S100A10_REGULATED_ACTIN_CYTOSKELETON	5		Rejected!	
KEGG_MEDICUS_REFERENCE_AREG_EGFR_PI3K_SIGNALING_PATHWAY	11		Rejected!	
KEGG_MEDICUS_REFERENCE_AREG_EGFR_RAS_ERK_SIGNALING_PATHWAY	15		Rejected!	
KEGG_MEDICUS_REFERENCE_ARL8_REGULATED_MICROTUBULE_PLUS_END_DIRECTED_TRANSPORT	35	30		
KEGG_MEDICUS_REFERENCE_ARNO_ARF_ACTB_G_SIGNALING_PATHWAY	25	24		
KEGG_MEDICUS_REFERENCE_ASSEMBLY_AND_TRAFFICKING_OF_TELOMERASE	19	19		
KEGG_MEDICUS_REFERENCE_ATR_P21_CELL_CYCLE_G2_M	9		Rejected!	
KEGG_MEDICUS_REFERENCE_ATR_SIGNALING	12		Rejected!	
KEGG_MEDICUS_REFERENCE_AUTOPHAGOSOME_AND_LYSOSOME_FUSION_TETHERING_FACTOR	16	16		
KEGG_MEDICUS_REFERENCE_AUTOPHAGOSOME_AND_LYSOSOME_FUSION_TETHERING_FACTOR_GRASP55	6		Rejected!	
KEGG_MEDICUS_REFERENCE_AUTOPHAGOSOME_AND_LYSOSOME_FUSION_TRANS_SNARE	5		Rejected!	
KEGG_MEDICUS_REFERENCE_AUTOPHAGY_VESICLE_NUCLEATION_ELONGATION_MATURATION_E3_UBIQUITIN_LIGASE_MALIN	7		Rejected!	
KEGG_MEDICUS_REFERENCE_AUTOPHAGY_VESICLE_NUCLEATION_ELONGATION_MATURATION_LC3_II_FORMATION	13		Rejected!	
KEGG_MEDICUS_REFERENCE_AUTOPHAGY_VESICLE_NUCLEATION_ELONGATION_MATURATION_MTORC1_PI3KC3_C1	16	16		
KEGG_MEDICUS_REFERENCE_AUTOPHAGY_VESICLE_NUCLEATION_ELONGATION_MATURATION_PACER_RUBCN_PI3KC3_C2	7		Rejected!	
KEGG_MEDICUS_REFERENCE_AUTOPHAGY_VESICLE_NUCLEATION_ELONGATION_MATURATION_PI3P_SYNTHESIS_BY_PI3KC3_C1	10		Rejected!	
KEGG_MEDICUS_REFERENCE_AUTOPHAGY_VESICLE_NUCLEATION_ELONGATION_MATURATION_SEQUESTOSOME_1_LIKE_RECEPTOR	14		Rejected!	
KEGG_MEDICUS_REFERENCE_AVP_V2R_PKA_SIGNALING_PATHWAY	10		Rejected!	
KEGG_MEDICUS_REFERENCE_BASE_EXCISION_AND_STRAND_CLEAVAGE_BY_BIFUNCTIONAL_GLYCOSYLASE	9		Rejected!	
KEGG_MEDICUS_REFERENCE_BASE_EXCISION_AND_STRAND_CLEAVAGE_BY_MONOFUNCTIONAL_GLYCOSYLASE	8		Rejected!	
KEGG_MEDICUS_REFERENCE_BASE_EXCISION_AND_STRAND_CLEAVAGE_BY_NEIL_GLYCOSYLASE	9		Rejected!	
KEGG_MEDICUS_REFERENCE_BCR_BCAP_CD19_PI3K_SIGNALING_PATHWAY	15		Rejected!	
KEGG_MEDICUS_REFERENCE_BCR_PLCG_CALCINEURIN_SIGNALING_PATHWAY	18		Rejected!	
KEGG_MEDICUS_REFERENCE_BCR_PLCG_ITPR_SIGNALING_PATHWAY	9		Rejected!	
KEGG_MEDICUS_REFERENCE_BETA_OXIDATION	11		Rejected!	
KEGG_MEDICUS_REFERENCE_BETA_OXIDATION_ACYL_COA_SYNTHESIS	11		Rejected!	
KEGG_MEDICUS_REFERENCE_BETA_OXIDATION_PEROXISOME_VLCFA	5		Rejected!	
KEGG_MEDICUS_REFERENCE_BILE_ACID_BIOSYNTHESIS	14		Rejected!	
KEGG_MEDICUS_REFERENCE_BLOCKING_UBIQUITINATION_OF_H2AK119_BY_CK2	12		Rejected!	
KEGG_MEDICUS_REFERENCE_BLOOD_GROUP_H_O_ANTIGEN_TYPE_1_BIOSYNTHESIS	6		Rejected!	
KEGG_MEDICUS_REFERENCE_BLOOD_GROUP_H_O_ANTIGEN_TYPE_2_BIOSYNTHESIS	7		Rejected!	
KEGG_MEDICUS_REFERENCE_BMP15_SIGNALING_PATHWAY	7		Rejected!	
KEGG_MEDICUS_REFERENCE_BMP9_10_SIGNALING_PATHWAY	9		Rejected!	
KEGG_MEDICUS_REFERENCE_BMP_HAMP_SIGNALING_PATHWAY	11		Rejected!	
KEGG_MEDICUS_REFERENCE_BMP_HAMP_SIGNALING_PATHWAY_AUXILIARY_FACTOR	7		Rejected!	
KEGG_MEDICUS_REFERENCE_BMP_SIGNALING_PATHWAY	20	20		
KEGG_MEDICUS_REFERENCE_BMP_SIGNALING_PATHWAY_BMP_ANTAGONIST	15	15		
KEGG_MEDICUS_REFERENCE_BRANCHING_MICROTUBULE_NUCLEATION	33	29		
KEGG_MEDICUS_REFERENCE_BREAK_INDUCED_REPLICATION	8		Rejected!	
KEGG_MEDICUS_REFERENCE_C9ORF72_MEDIATED_AUTOPHAGY_INITIATION	8		Rejected!	
KEGG_MEDICUS_REFERENCE_CA2_CAM_CAMK_SIGNALING_PATHWAY	19	19		
KEGG_MEDICUS_REFERENCE_CA2_CAM_CN_SIGNALING_PATHWAY	12		Rejected!	
KEGG_MEDICUS_REFERENCE_CA2_CAM_VGCC_RYR_SIGNALING_PATHWAY	11		Rejected!	
KEGG_MEDICUS_REFERENCE_CA2_ENTRY_LIGAND_GATED_CA2_CHANNEL	12		Rejected!	
KEGG_MEDICUS_REFERENCE_CA2_ENTRY_STORE_OPERATED_CA2_CHANNEL	5		Rejected!	
KEGG_MEDICUS_REFERENCE_CA2_ENTRY_VOLTAGE_GATED_CA2_CHANNEL	25	18		
KEGG_MEDICUS_REFERENCE_CA2_PLCD_ITPR_SIGNALING_PATHWAY	6		Rejected!	
KEGG_MEDICUS_REFERENCE_CA2_PYK2_RAS_ERK_SIGNALING_PATHWAY	15	15		
KEGG_MEDICUS_REFERENCE_CARDIAC_TYPE_VGCC_RYR_SIGNALING	21	15		
KEGG_MEDICUS_REFERENCE_CASR_PTH_SIGNALING_PATHWAY	7		Rejected!	
KEGG_MEDICUS_REFERENCE_CCR2_GNB_G_PI3K_NFKB_SIGNALING_PATHWAY	31	27		
KEGG_MEDICUS_REFERENCE_CCR5_GNB_G_PLCB_G_PKC_SIGNALING_PATHWAY	26	21		
KEGG_MEDICUS_REFERENCE_CCR_CXCR_GNB_G_PI3K_RAC_SIGNALING_PATHWAY	31	19		
KEGG_MEDICUS_REFERENCE_CD40_NFKB_SIGNALING_PATHWAY	8		Rejected!	
KEGG_MEDICUS_REFERENCE_CD80_CD86_CD28_PI3K_SIGNALING_PATHWAY	10		Rejected!	
KEGG_MEDICUS_REFERENCE_CD80_CD86_CTLA4_PP2A_SIGNALING_PATHWAY	22	19		
KEGG_MEDICUS_REFERENCE_CDC25_CELL_CYCLE_G2_M	10		Rejected!	
KEGG_MEDICUS_REFERENCE_CENPE_INTERACTION_WITH_NDC80_COMPLEX	12		Rejected!	
KEGG_MEDICUS_REFERENCE_CGAS_STING_SIGNALING_PATHWAY	18		Rejected!	
KEGG_MEDICUS_REFERENCE_CHOLESTEROL_BIOSYNTHESIS	13		Rejected!	
KEGG_MEDICUS_REFERENCE_CHONDROITIN_SULFATE_BIOSYNTHESIS	8		Rejected!	
KEGG_MEDICUS_REFERENCE_CHRNA7_E2F_SIGNALING_PATHWAY	6		Rejected!	
KEGG_MEDICUS_REFERENCE_CITRATE_CYCLE_FIRST_CARBON_OXIDATION	9		Rejected!	
KEGG_MEDICUS_REFERENCE_CITRATE_CYCLE_SECOND_CARBON_OXIDATION_2	10		Rejected!	
KEGG_MEDICUS_REFERENCE_CLASSICAL_PATHWAY_OF_COMPLEMENT_CASCADE_C4_C2_TO_C3_CONVERTASE_FORMATION	8		Rejected!	
KEGG_MEDICUS_REFERENCE_COHESIN_ACETYLATION	5		Rejected!	
KEGG_MEDICUS_REFERENCE_COHESIN_DISSOCIATION_IN_ANAPHASE	16	16		
KEGG_MEDICUS_REFERENCE_COHESIN_DISSOCIATION_IN_PROPHASE	16	16		
KEGG_MEDICUS_REFERENCE_COHESIN_LOADING	9		Rejected!	
KEGG_MEDICUS_REFERENCE_COMMON_PATHWAY_OF_COMPLEMENT_CASCADE_MAC_FORMATION	7		Rejected!	
KEGG_MEDICUS_REFERENCE_CONDENSIN_LOADING	20	20		
KEGG_MEDICUS_REFERENCE_COPII_VESICLE_FORMATION	12		Rejected!	
KEGG_MEDICUS_REFERENCE_COPI_VESICLE_FORMATION	23	22		
KEGG_MEDICUS_REFERENCE_CORE_NER_REACTION	29	28		
KEGG_MEDICUS_REFERENCE_CREATINE_PATHWAY	7		Rejected!	
KEGG_MEDICUS_REFERENCE_CRHR_PKA_ACTH_SIGNALING_PATHWAY	27	20		
KEGG_MEDICUS_REFERENCE_CROSSTALK_BETWEEN_EXTRINSIC_AND_INTRINSIC_APOPTOTIC_PATHWAYS	15		Rejected!	
KEGG_MEDICUS_REFERENCE_CX3CR1_GNAI_AC_PKA_SIGNALING_PATHWAY	17		Rejected!	
KEGG_MEDICUS_REFERENCE_CXCL12_CXCR4_PKC_ERK_SIGNALING_PATHAWAY	19	18		
KEGG_MEDICUS_REFERENCE_CXCR4_GNA12_13_RHO_SIGNALING_PATHWAY	9		Rejected!	
KEGG_MEDICUS_REFERENCE_CXCR4_GNAI_PI3K_BAD_SIGNALING_PATHWAY	12		Rejected!	
KEGG_MEDICUS_REFERENCE_CXCR4_GNAQ_PLCB_G_CALCINEURIN_SIGNALING_PATHWAY	21	19		
KEGG_MEDICUS_REFERENCE_CXCR4_GNB_G_PLCB_PKC_SIGNALING_PATHWAY	31	27		
KEGG_MEDICUS_REFERENCE_CXCR4_GNB_G_RAC_SIGNALING_PATHWAY	26	22		
KEGG_MEDICUS_REFERENCE_CXCR_GNB_G_ERK_SIGNALING_PATHWAY	27	23		
KEGG_MEDICUS_REFERENCE_CXCR_GNB_G_PI3K_AKT_SIGNALING_PATHWAY	26	19		
KEGG_MEDICUS_REFERENCE_CYTOKINE_JAK_STAT_SIGNALING_PATHWAY	45	26		
KEGG_MEDICUS_REFERENCE_DEPHOSPHORYLATION_OF_KINETOCHORE	12		Rejected!	
KEGG_MEDICUS_REFERENCE_DERMATAN_SULFATE_DEGRADATION	8		Rejected!	
KEGG_MEDICUS_REFERENCE_DEUBIQUITINATION_OF_H2AK119	26	26		
KEGG_MEDICUS_REFERENCE_DISASSEMBLY_OF_MCC	17	17		
KEGG_MEDICUS_REFERENCE_DNA_DEGRADATION_BY_EXTRACELLULAR_ENDOLYSOSOMAL_DNASE	7		Rejected!	
KEGG_MEDICUS_REFERENCE_DNA_END_RESECTION_AND_RPA_LOADING	18	17		
KEGG_MEDICUS_REFERENCE_DNA_REPLICATION_LICENSING	24	24		
KEGG_MEDICUS_REFERENCE_DNA_REPLICATION_TERMINATION	21	21		
KEGG_MEDICUS_REFERENCE_DOUBLE_HOLLIDAY_JUNCTION_RESOLUTION	6		Rejected!	
KEGG_MEDICUS_REFERENCE_DOUBLE_STRAND_BREAK_SIGNALING	13		Rejected!	
KEGG_MEDICUS_REFERENCE_DRD1_GNAS_AC_PKA_SIGNALING_PATHWAY	16		Rejected!	
KEGG_MEDICUS_REFERENCE_DYNEIN_RECRUITMENT_TO_THE_KINETOCHORE	30	29		
KEGG_MEDICUS_REFERENCE_E2_ER_RAS_ERK_SIGNALING_PATHWAY	23	21		
KEGG_MEDICUS_REFERENCE_EARLY_ENDOSOMAL_FUSION	8		Rejected!	
KEGG_MEDICUS_REFERENCE_EGF_EGFR_ACTIN_SIGNALING_PATHWAY	21	21		
KEGG_MEDICUS_REFERENCE_EGF_EGFR_PI3K_NFKB_SIGNALING_PATHWAY	14		Rejected!	
KEGG_MEDICUS_REFERENCE_EGF_EGFR_PI3K_SIGNALING_PATHWAY	9		Rejected!	
KEGG_MEDICUS_REFERENCE_EGF_EGFR_PLCG_CALCINEURIN_SIGNALING_PATHWAY	16	15		
KEGG_MEDICUS_REFERENCE_EGF_EGFR_PLCG_CAMK_SIGNALING_PATHWAY	15	15		
KEGG_MEDICUS_REFERENCE_EGF_EGFR_PLCG_ERK_SIGNALING_PATHWAY	15	15		
KEGG_MEDICUS_REFERENCE_EGF_EGFR_RAS_ERK_SIGNALING_PATHWAY	16	16		
KEGG_MEDICUS_REFERENCE_EGF_EGFR_RAS_JNK_SIGNALING_PATHWAY	13		Rejected!	
KEGG_MEDICUS_REFERENCE_EGF_EGFR_RAS_PI3K_SIGNALING_PATHWAY	15	15		
KEGG_MEDICUS_REFERENCE_EGF_EGFR_RAS_RALGDS_SIGNALING_PATHWAY	11		Rejected!	
KEGG_MEDICUS_REFERENCE_EGF_EGFR_RAS_RASSF1_SIGNALING_PATHWAY	11		Rejected!	
KEGG_MEDICUS_REFERENCE_EGF_ERBB2_RAS_ERK_SIGNALING_PATHWAY	16	16		
KEGG_MEDICUS_REFERENCE_EGF_JAK_STAT_SIGNALING_PATHWAY	7		Rejected!	
KEGG_MEDICUS_REFERENCE_ELECTRON_TRANSFER_IN_COMPLEX_I	44	38		
KEGG_MEDICUS_REFERENCE_ELECTRON_TRANSFER_IN_COMPLEX_III	11		Rejected!	
KEGG_MEDICUS_REFERENCE_ELECTRON_TRANSFER_IN_COMPLEX_IV	19		Rejected!	
KEGG_MEDICUS_REFERENCE_EP_NE_ADRB_CAMP_SIGNALING_PATHWAY	15		Rejected!	
KEGG_MEDICUS_REFERENCE_EREG_EGFR_PI3K_SIGNALING_PATHWAY	11		Rejected!	
KEGG_MEDICUS_REFERENCE_EREG_EGFR_RAS_ERK_SIGNALING_PATHWAY	15	15		
KEGG_MEDICUS_REFERENCE_ERK_RSK_SIGNALING	6		Rejected!	
KEGG_MEDICUS_REFERENCE_ESTABLISHMENT_OF_COHESION	7		Rejected!	
KEGG_MEDICUS_REFERENCE_EXTRINSIC_APOPTOTIC_PATHWAY	10		Rejected!	
KEGG_MEDICUS_REFERENCE_FANCONI_ANEMIA_PATHWAY	19	19		
KEGG_MEDICUS_REFERENCE_FASLG_RIPK1_3_SIGNALING_PATHWAY	5		Rejected!	
KEGG_MEDICUS_REFERENCE_FAS_JNK_SIGNALING_PATHWAY	7		Rejected!	
KEGG_MEDICUS_REFERENCE_FE3_FERRITIN_TRANSPORT	5		Rejected!	
KEGG_MEDICUS_REFERENCE_FE_TF_TRANSPORT	7		Rejected!	
KEGG_MEDICUS_REFERENCE_FGF_FGFR_PI3K_SIGNALING_PATHWAY	31	20		
KEGG_MEDICUS_REFERENCE_FGF_FGFR_RAS_ERK_SIGNALING_PATHWAY	35	24		
KEGG_MEDICUS_REFERENCE_FLCN_MTORC1_SIGNALING_PATHWAY	14		Rejected!	
KEGG_MEDICUS_REFERENCE_FLT3LG_FLT3_RAS_ERK_SIGNALING_PATHWAY	15		Rejected!	
KEGG_MEDICUS_REFERENCE_FLT3LG_FLT3_RAS_PI3K_SIGNALING_PATHWAY	15		Rejected!	
KEGG_MEDICUS_REFERENCE_FSHR_GNAS_PKA_SIGNALING_PATHWAY	16		Rejected!	
KEGG_MEDICUS_REFERENCE_GATOR1_MTORC1_SIGNALING_PATHWAY	14		Rejected!	
KEGG_MEDICUS_REFERENCE_GENE_SILENCING_BY_METHYLATION_OF_H3K27_AND_UBIQUITINATION_OF_H2AK119	40	39		
KEGG_MEDICUS_REFERENCE_GF_RTK_PI3K_SIGNALING_PATHWAY	83	64		
KEGG_MEDICUS_REFERENCE_GF_RTK_RAS_ERK_SIGNALING_PATHWAY	92	73		
KEGG_MEDICUS_REFERENCE_GF_RTK_RAS_PI3K_SIGNALING_PATHWAY	89	70		
KEGG_MEDICUS_REFERENCE_GHRHR_PKA_GH_SIGNALING_PATHWAY	28	20		
KEGG_MEDICUS_REFERENCE_GH_JAK_STAT_SIGNALING_PATHWAY	7		Rejected!	
KEGG_MEDICUS_REFERENCE_GLOBAL_GENOME_NER	18	18		
KEGG_MEDICUS_REFERENCE_GLUCONEOGENESIS	5		Rejected!	
KEGG_MEDICUS_REFERENCE_GLUTATHIONE_BIOSYNTHESIS	11		Rejected!	
KEGG_MEDICUS_REFERENCE_GLYCOGEN_BIOSYNTHESIS	6		Rejected!	
KEGG_MEDICUS_REFERENCE_GLYCOGEN_DEGRADATION	9		Rejected!	
KEGG_MEDICUS_REFERENCE_GLYCOGEN_DEGRADATION_AMYLASE_	9		Rejected!	
KEGG_MEDICUS_REFERENCE_GLYCOLYSIS	25	17		
KEGG_MEDICUS_REFERENCE_GLYCOSAMINOGLYCAN_BIOSYNTHESIS_LINKAGE_TETRASACCHARIDE	5		Rejected!	
KEGG_MEDICUS_REFERENCE_GNRH_GNRHR_PLCB_PKC_SIGNALING_PATHWAY	21	15		
KEGG_MEDICUS_REFERENCE_GPCR_PI3K_SIGNALING_PATHWAY	32	23		
KEGG_MEDICUS_REFERENCE_GPCR_PLCB_ITPR_SIGNALING_PATHWAY	50	34		
KEGG_MEDICUS_REFERENCE_GPI_ANCHOR_BIOSYNTHESIS	24	23		
KEGG_MEDICUS_REFERENCE_HEDGEHOG_SIGNALING_PATHWAY	14		Rejected!	
KEGG_MEDICUS_REFERENCE_HEDGEHOG_SIGNALING_PATHWAY_HH_LIGAND_SECRETION	6		Rejected!	
KEGG_MEDICUS_REFERENCE_HEDGEHOG_SIGNALING_PATHWAY_PTCH_CORECEPTOR	9		Rejected!	
KEGG_MEDICUS_REFERENCE_HEME_BIOSYNTHESIS	9		Rejected!	
KEGG_MEDICUS_REFERENCE_HEPARAN_SULFATE_BIOSYNTHESIS	11		Rejected!	
KEGG_MEDICUS_REFERENCE_HEPARAN_SULFATE_DEGRADATION	7		Rejected!	
KEGG_MEDICUS_REFERENCE_HGF_MET_PI3K_SIGNALING_PATHWAY	10		Rejected!	
KEGG_MEDICUS_REFERENCE_HGF_MET_RAS_ERK_SIGNALING_PATHWAY	15	15		
KEGG_MEDICUS_REFERENCE_HIF_1_SIGNALING_PATHWAY	9		Rejected!	
KEGG_MEDICUS_REFERENCE_HOMOLOGOUS_RECOMBINATION	33	32		
KEGG_MEDICUS_REFERENCE_HOMOLOGOUS_RECOMBINATION_IN_ICLR	16	15		
KEGG_MEDICUS_REFERENCE_HORMONE_LIKE_CYTOKINE_TO_JAK_STAT_SIGNALING_PATHWAY	17		Rejected!	
KEGG_MEDICUS_REFERENCE_HYDROLYSIS_OF_SPHINGOMYELIN	8		Rejected!	
KEGG_MEDICUS_REFERENCE_ICOSLG_ICOS_PI3K_SIGNALING_PATHWAY	9		Rejected!	
KEGG_MEDICUS_REFERENCE_IFN_RIPK1_3_SIGNALING_PATHWAY	31	15		
KEGG_MEDICUS_REFERENCE_IGF2_IGF1R_PI3K_SIGNALING_PATHWAY	11		Rejected!	
KEGG_MEDICUS_REFERENCE_IGF_IGF1R_PI3K_SIGNALING_PATHWAY	13		Rejected!	
KEGG_MEDICUS_REFERENCE_IGF_IGF1R_RAS_ERK_SIGNALING_PATHWAY	16	16		
KEGG_MEDICUS_REFERENCE_IGF_IGFR_PI3K_NFKB_SIGNALING_PATHWAY	14		Rejected!	
KEGG_MEDICUS_REFERENCE_IGG_FCGR_RAC_SIGNALING_PATHWAY	10		Rejected!	
KEGG_MEDICUS_REFERENCE_II_BLOOD_GROUP_ANTIGEN_BIOSYNTHESIS	7		Rejected!	
KEGG_MEDICUS_REFERENCE_IL10_FAMILY_TO_JAK_STAT_SIGNALING_PATHWAY	13		Rejected!	
KEGG_MEDICUS_REFERENCE_IL12_23_TO_JAK_STAT_SIGNALING_PATHWAY	10		Rejected!	
KEGG_MEDICUS_REFERENCE_IL1_IL1R_JNK_SIGNALING_PATHWAY	19	19		
KEGG_MEDICUS_REFERENCE_IL1_IL1R_P38_SIGNALING_PATHWAY	17	17		
KEGG_MEDICUS_REFERENCE_IL2_FAMILY_TO_JAK_STAT_SIGNALING_PATHWAY	23		Rejected!	
KEGG_MEDICUS_REFERENCE_IL6_FAMILY_TO_JAK_STAT_SIGNALING_PATHWAY	27	22		
KEGG_MEDICUS_REFERENCE_INACTIVATION_OF_CONDENSIN_I	6		Rejected!	
KEGG_MEDICUS_REFERENCE_INTRINSIC_APOPTOTIC_PATHWAY	13		Rejected!	
KEGG_MEDICUS_REFERENCE_IRE1A_JNK_SIGNALING_PATHWAY	7		Rejected!	
KEGG_MEDICUS_REFERENCE_ISOLEUCINE_DEGRADATION	10		Rejected!	
KEGG_MEDICUS_REFERENCE_ITGA_B_FAK_CDC42_SIGNALING_PATHWAY	26	23		
KEGG_MEDICUS_REFERENCE_ITGA_B_FAK_RAC_SIGNALING_PATHWAY	30	26		
KEGG_MEDICUS_REFERENCE_ITGA_B_RHOGAP_RHOA_SIGNALING_PATHWAY	23	20		
KEGG_MEDICUS_REFERENCE_ITGA_B_RHOGEF_RHOA_SIGNALING_PATHWAY	23	20		
KEGG_MEDICUS_REFERENCE_ITGA_B_RHOG_RAC_SIGNALING_PATHWAY	28	24		
KEGG_MEDICUS_REFERENCE_ITGA_B_TALIN_VINCULIN_SIGNALING_PATHWAY	30	27		
KEGG_MEDICUS_REFERENCE_KEAP1_NRF2_SIGNALING_PATHWAY	24	18		
KEGG_MEDICUS_REFERENCE_KERATAN_SULFATE_DEGRADATION	5		Rejected!	
KEGG_MEDICUS_REFERENCE_KINETOCHORE_FIBER_ORGANIZATION	23	19		
KEGG_MEDICUS_REFERENCE_KINETOCHORE_MICROTUBULE_ATTACHMENT	20	16		
KEGG_MEDICUS_REFERENCE_KISS1_KISS1R_PLCB_PKC_SIGNALING_PATHWAY	11		Rejected!	
KEGG_MEDICUS_REFERENCE_KITLG_KIT_PI3K_SIGNALING_PATHWAY	11		Rejected!	
KEGG_MEDICUS_REFERENCE_KITLG_KIT_RAS_ERK_SIGNALING_PATHWAY	15		Rejected!	
KEGG_MEDICUS_REFERENCE_LECTIN_PATHWAY_OF_COAGULATION_CASCADE_FIBRINOGEN_TO_FIBRIN	10		Rejected!	
KEGG_MEDICUS_REFERENCE_LECTIN_PATHWAY_OF_COAGULATION_CASCADE_PROTHROMBIN_TO_THROMBIN	8		Rejected!	
KEGG_MEDICUS_REFERENCE_LECTIN_PATHWAY_OF_COMPLEMENT_CASCADE_C4_C2_TO_C3_CONVERTASE_FORMATION	11		Rejected!	
KEGG_MEDICUS_REFERENCE_LESION_BYPASS_BY_TLS_AND_DSB_FORMATION	15		Rejected!	
KEGG_MEDICUS_REFERENCE_LEUCINE_DEGRADATION	7		Rejected!	
KEGG_MEDICUS_REFERENCE_LEWIS_X_ANTIGEN_BIOSYNTHESIS	5		Rejected!	
KEGG_MEDICUS_REFERENCE_LHCGR_GNAS_PKA_SIGNALING_PATHWAY	16		Rejected!	
KEGG_MEDICUS_REFERENCE_LIGHT_HVEM_NFKB_SIGNALING_PATHWAY	10		Rejected!	
KEGG_MEDICUS_REFERENCE_LOADING_OF_THE_SMC5_SMC6_COMPLEX	11		Rejected!	
KEGG_MEDICUS_REFERENCE_LONG_PATCH_BER	17	17		
KEGG_MEDICUS_REFERENCE_LPAR_GNB_G_RHO_SIGNALING_PATHWAY	23	18		
KEGG_MEDICUS_REFERENCE_LPA_GNA12_13_RHOA_SIGNALING_PATHWAY	13		Rejected!	
KEGG_MEDICUS_REFERENCE_LPA_GNAQ_11_RHOA_SIGNALING_PATHWAY	9		Rejected!	
KEGG_MEDICUS_REFERENCE_LYSOSOMAL_CA2_RELEASE	10		Rejected!	
KEGG_MEDICUS_REFERENCE_MACHR_CA2_APOPTOTIC_PATHWAY	20	17		
KEGG_MEDICUS_REFERENCE_MAGI_PTEN_SIGNALING_PATHWAY	6		Rejected!	
KEGG_MEDICUS_REFERENCE_MANNOSE_TYPE_O_GLYCAN_BIOSYNTHESIS_FKTN_TO_LARGE	6		Rejected!	
KEGG_MEDICUS_REFERENCE_MANNOSE_TYPE_O_GLYCAN_BIOSYNTHESIS_POMT_TO_POMK	5		Rejected!	
KEGG_MEDICUS_REFERENCE_MDA5_IRF7_3_SIGNALING_PATHWAY	24		Rejected!	
KEGG_MEDICUS_REFERENCE_MDM2_P21_CELL_CYCLE_G1_S_N00066	13		Rejected!	
KEGG_MEDICUS_REFERENCE_MDM2_P21_CELL_CYCLE_G1_S_N00536	11		Rejected!	
KEGG_MEDICUS_REFERENCE_MEMBRANE_INITIATED_PROGESTERONE_SIGNALING_PATHWAY	9		Rejected!	
KEGG_MEDICUS_REFERENCE_METHIONINE_DEGRADATION	10		Rejected!	
KEGG_MEDICUS_REFERENCE_MEVALONATE_PATHWAY	12		Rejected!	
KEGG_MEDICUS_REFERENCE_MGLUR1_TRPC3_SIGNALING_PATHWAY	13		Rejected!	
KEGG_MEDICUS_REFERENCE_MGLUR5_CA2_APOPTOTIC_PATHWAY	22	20		
KEGG_MEDICUS_REFERENCE_MICROTUBULE_DEPOLYMERIZATION	23	19		
KEGG_MEDICUS_REFERENCE_MICROTUBULE_DEPOLYMERIZATION_AT_THE_MINUS_ENDS	20	16		
KEGG_MEDICUS_REFERENCE_MICROTUBULE_NUCLEATION	28	24		
KEGG_MEDICUS_REFERENCE_MICROTUBULE_RHOA_SIGNALING_PATHWAY	21	17		
KEGG_MEDICUS_REFERENCE_MISMATCH_REPAIR	26	26		
KEGG_MEDICUS_REFERENCE_MITOCHONDRIAL_COMPLEX_UCP1_IN_THERMOGENESIS	62	59		
KEGG_MEDICUS_REFERENCE_MLK_JNK_SIGNALING_PATHWAY	12		Rejected!	
KEGG_MEDICUS_REFERENCE_MODIFYING_OF_CONDENSIN_II_SUBUNITS	6		Rejected!	
KEGG_MEDICUS_REFERENCE_MODIFYING_OF_CONDENSIN_I_SUBUNITS	5		Rejected!	
KEGG_MEDICUS_REFERENCE_MYOSTATIN_SIGNALING_PATHWAY	8		Rejected!	
KEGG_MEDICUS_REFERENCE_NAD_BIOSYNTHESIS	12		Rejected!	
KEGG_MEDICUS_REFERENCE_NALP12_INFLAMMASOME_SIGNALING_PATHWAY	5		Rejected!	
KEGG_MEDICUS_REFERENCE_NLRC4_INFLAMMASOME_SIGNALING_PATHWAY	5		Rejected!	
KEGG_MEDICUS_REFERENCE_NLRP1_INFLAMMASOME_SIGNALING_PATHWAY	5		Rejected!	
KEGG_MEDICUS_REFERENCE_NLRP3_INFLAMMASOME_SIGNALING_PATHWAY	6		Rejected!	
KEGG_MEDICUS_REFERENCE_NODAL_SIGNALING_PATHWAY	8		Rejected!	
KEGG_MEDICUS_REFERENCE_NOD_NFKB_SIGNALING_PATHWAY	9		Rejected!	
KEGG_MEDICUS_REFERENCE_NON_CANONICAL_INFLAMMASOME_SIGNALING_PATHWAY	7		Rejected!	
KEGG_MEDICUS_REFERENCE_NON_HOMOLOGOUS_END_JOINING	13		Rejected!	
KEGG_MEDICUS_REFERENCE_NOTCH_LIGAND_UBIQUITYLATION	9		Rejected!	
KEGG_MEDICUS_REFERENCE_NOTCH_MESP2_SIGNALING	6		Rejected!	
KEGG_MEDICUS_REFERENCE_NOTCH_PROTEOLYTIC_ACTIVATION	11		Rejected!	
KEGG_MEDICUS_REFERENCE_NOTCH_SIGNALING_PATHWAY	13		Rejected!	
KEGG_MEDICUS_REFERENCE_NRG_ERBB4_PI3K_SIGNALING_PATHWAY	11		Rejected!	
KEGG_MEDICUS_REFERENCE_NUCLEAR_EXPORT_OF_MRNA	30	30		
KEGG_MEDICUS_REFERENCE_NUCLEAR_INITIATED_ESTROGEN_SIGNALING_PATHWAY	11		Rejected!	
KEGG_MEDICUS_REFERENCE_NUCLEAR_INITIATED_PROGESTERONE_SIGNALING_PATHWAY	5		Rejected!	
KEGG_MEDICUS_REFERENCE_N_GLYCAN_BIOSYNTHESIS	16	16		
KEGG_MEDICUS_REFERENCE_N_GLYCAN_PRECURSOR_BIOSYNTHESIS_ALG6_TO_OST	11		Rejected!	
KEGG_MEDICUS_REFERENCE_N_GLYCAN_PRECURSOR_BIOSYNTHESIS_ALG7_TO_ALG11	6		Rejected!	
KEGG_MEDICUS_REFERENCE_N_GLYCAN_PRECURSOR_BIOSYNTHESIS_GLC_6P_TO_MAN_P_DOL	9		Rejected!	
KEGG_MEDICUS_REFERENCE_OKAZAKI_FRAGMENT_MATURATION	11		Rejected!	
KEGG_MEDICUS_REFERENCE_ORGANIZATION_OF_THE_INNER_KINETOCHORE	17	17		
KEGG_MEDICUS_REFERENCE_ORGANIZATION_OF_THE_OUTER_KINETOCHORE	19	19		
KEGG_MEDICUS_REFERENCE_ORIGIN_UNWINDING_AND_ELONGATION	30	30		
KEGG_MEDICUS_REFERENCE_P15_CELL_CYCLE_G1_S	13		Rejected!	
KEGG_MEDICUS_REFERENCE_P16_CELL_CYCLE_G1_S	10		Rejected!	
KEGG_MEDICUS_REFERENCE_P27_CELL_CYCLE_G1_S	14		Rejected!	
KEGG_MEDICUS_REFERENCE_P300_P21_CELL_CYCLE_G1_S	15	15		
KEGG_MEDICUS_REFERENCE_P4_PR_PI3K_SIGNALING_PATHWAY	8		Rejected!	
KEGG_MEDICUS_REFERENCE_P4_PR_RAS_ERK_SIGNALING_PATHWAY	16	15		
KEGG_MEDICUS_REFERENCE_PDGF_PDGFR_PI3K_SIGNALING_PATHWAY	13		Rejected!	
KEGG_MEDICUS_REFERENCE_PDGF_PDGFR_PLCG_CAMK_SIGNALING_PATHWAY	17	17		
KEGG_MEDICUS_REFERENCE_PDGF_PDGFR_RAS_ERK_SIGNALING_PATHWAY	17	17		
KEGG_MEDICUS_REFERENCE_PDL_PD1_SHP_PI3K_SIGNALING_PATHWAY	9		Rejected!	
KEGG_MEDICUS_REFERENCE_PINK_PARKIN_MEDIATED_AUTOPHAGOSOME_FORMATION	17	17		
KEGG_MEDICUS_REFERENCE_PKA_HOLOENZYME	7		Rejected!	
KEGG_MEDICUS_REFERENCE_PKR_EIF2ALPHA_SIGNALING_PATHWAY	7		Rejected!	
KEGG_MEDICUS_REFERENCE_PLASMIN_MEDIATED_ACTIVATION_OF_LATENT_TGF_BETA	8		Rejected!	
KEGG_MEDICUS_REFERENCE_PP2A_AKT_SIGNALING_PATHWAY	19	19		
KEGG_MEDICUS_REFERENCE_PRE_IC_FORMATION	27	27		
KEGG_MEDICUS_REFERENCE_PRL_JAK_STAT_SIGNALING_PATHWAY	5		Rejected!	
KEGG_MEDICUS_REFERENCE_PRNP_PI3K_NOX2_SIGNALING_PATHWAY	29	23		
KEGG_MEDICUS_REFERENCE_PROK_PRKR_GI_ERK_SIGNALING_PATHWAY	9		Rejected!	
KEGG_MEDICUS_REFERENCE_PROMOTION_OF_MICROTUBULE_GROWTH	22	18		
KEGG_MEDICUS_REFERENCE_PTH_PTH1R_PKA_SIGNALING_PATHWAY	15		Rejected!	
KEGG_MEDICUS_REFERENCE_PURINE_SALVAGE_PATHWAY_ADENINE_TO_AMP	11		Rejected!	
KEGG_MEDICUS_REFERENCE_PURINE_SALVAGE_PATHWAY_HYPOXANTHINE_GUANINE_TO_IMP_GMP	11		Rejected!	
KEGG_MEDICUS_REFERENCE_PYRIN_INFLAMMASOME_SIGNALING_PATHWAY	5		Rejected!	
KEGG_MEDICUS_REFERENCE_RAB7_REGULATED_MICROTUBULE_MINUS_END_DIRECTED_TRANSPORT	43	38		
KEGG_MEDICUS_REFERENCE_RAC_CDC42_PAK_ERK_SIGNALING_PATHWAY	10		Rejected!	
KEGG_MEDICUS_REFERENCE_RAD51_DSDNA_DESTABILIZATION	11		Rejected!	
KEGG_MEDICUS_REFERENCE_RECRUITMENT_AND_FORMATION_OF_THE_MCC	10		Rejected!	
KEGG_MEDICUS_REFERENCE_REGULATION_OF_COMPLEMENT_CASCADE_CFHR	6		Rejected!	
KEGG_MEDICUS_REFERENCE_REGULATION_OF_COMPLEMENT_CASCADE_MAC_INHIBITION	9		Rejected!	
KEGG_MEDICUS_REFERENCE_REGULATION_OF_EXTRINSIC_APOPTOTIC_PATHWAY_XIAP	5		Rejected!	
KEGG_MEDICUS_REFERENCE_REGULATION_OF_FIBRINOLYTIC_SYSTEM_C1INH	6		Rejected!	
KEGG_MEDICUS_REFERENCE_REGULATION_OF_FIBRINOLYTIC_SYSTEM_PAI	6		Rejected!	
KEGG_MEDICUS_REFERENCE_REGULATION_OF_GF_RTK_RAS_ERK_SIGNALING_MRAS_SHOC2_PP1_HOLOPHOSPHATASE	8		Rejected!	
KEGG_MEDICUS_REFERENCE_REGULATION_OF_GF_RTK_RAS_ERK_SIGNALING_PATHWAY_ADAPTOR_PROTEINS	10		Rejected!	
KEGG_MEDICUS_REFERENCE_REGULATION_OF_GF_RTK_RAS_ERK_SIGNALING_PTP	20	18		
KEGG_MEDICUS_REFERENCE_REGULATION_OF_GF_RTK_RAS_ERK_SIGNALING_RASGAP	8		Rejected!	
KEGG_MEDICUS_REFERENCE_REGULATION_OF_GF_RTK_RAS_ERK_SIGNALING_RAS_UBIQUITINATION_BY_CUL3_COMPLEX	6		Rejected!	
KEGG_MEDICUS_REFERENCE_REGULATION_OF_GF_RTK_RAS_ERK_SIGNALING_SPRED_AND_NF1	6		Rejected!	
KEGG_MEDICUS_REFERENCE_REGULATION_OF_GF_RTK_RAS_ERK_SIGNALING_UBIQUITINATION_OF_RTK_BY_CBL	25	22		
KEGG_MEDICUS_REFERENCE_REGULATION_OF_NLRP3_INFLAMMASOME_SIGNALING_PATHWAY_NLRP3_INHIBITION	5		Rejected!	
KEGG_MEDICUS_REFERENCE_REGULATION_OF_SERCA	8		Rejected!	
KEGG_MEDICUS_REFERENCE_REGULATION_OF_TNF_NFKB_SIGNALING_PATHWAY_LUBAC_MEDIATED_LINEAR_UBIQUITINATION	6		Rejected!	
KEGG_MEDICUS_REFERENCE_RELN_VLDLR_PI3K_SIGNALING_PATHWAY	15		Rejected!	
KEGG_MEDICUS_REFERENCE_RETROGRADE_AXONAL_TRANSPORT	43	34		
KEGG_MEDICUS_REFERENCE_RIG_I_IRF7_3_SIGNALING_PATHWAY	24		Rejected!	
KEGG_MEDICUS_REFERENCE_RIG_I_NFKB_SIGNALING_PATHWAY	22		Rejected!	
KEGG_MEDICUS_REFERENCE_RORA_MEDIATED_TRANSCRIPTION	5		Rejected!	
KEGG_MEDICUS_REFERENCE_RTK_PLCG_ITPR_SIGNALING_PATHWAY	55	42		
KEGG_MEDICUS_REFERENCE_SEROTONIN_METABOLISM	5		Rejected!	
KEGG_MEDICUS_REFERENCE_SIALYL_LEWIS_X_ANTIGEN_BIOSYNTHESIS	6		Rejected!	
KEGG_MEDICUS_REFERENCE_SKELETAL_TYPE_VGCC_RYR_SIGNALING	21		Rejected!	
KEGG_MEDICUS_REFERENCE_SPINDLE_ASSEMBLY_CHECKPOINT_SIGNALING	21	20		
KEGG_MEDICUS_REFERENCE_STEROID_HORMONE_BIOSYNTHESIS_PROGESTERONE_TO_CORTISOL_CORTISONE	5		Rejected!	
KEGG_MEDICUS_REFERENCE_STRAD_STK11_TSC_SIGNALING_PATHWAY	8		Rejected!	
KEGG_MEDICUS_REFERENCE_TAC3_TACR3_PLC_PKC_SIGNALING_PATHWAY	10		Rejected!	
KEGG_MEDICUS_REFERENCE_TBK1_MEDIATED_AUTOPHAGOSOME_FORMATION	10		Rejected!	
KEGG_MEDICUS_REFERENCE_TCR_PLCG_ITPR_SIGNALING_PATHWAY	19		Rejected!	
KEGG_MEDICUS_REFERENCE_TELOMERASE_RNA_MATURATION	5		Rejected!	
KEGG_MEDICUS_REFERENCE_TELOMERE_ELONGATION	19	19		
KEGG_MEDICUS_REFERENCE_TESTOSTERONE_BIOSYNTHESIS	11		Rejected!	
KEGG_MEDICUS_REFERENCE_TETHERING_OF_LATE_ENDOSOMES_AND_LYSOSOMES	10		Rejected!	
KEGG_MEDICUS_REFERENCE_TGFA_EGFR_PI3K_SIGNALING_PATHWAY	9		Rejected!	
KEGG_MEDICUS_REFERENCE_TGFA_EGFR_PLCG_PKC_SIGNALING_PATHWAY	8		Rejected!	
KEGG_MEDICUS_REFERENCE_TGFA_EGFR_RAS_ERK_SIGNALING_PATHWAY	15	15		
KEGG_MEDICUS_REFERENCE_TGF_BETA_SIGNALING_PATHWAY	8		Rejected!	
KEGG_MEDICUS_REFERENCE_THYROID_HORMONE_SIGNALING_PATHWAY	9		Rejected!	
KEGG_MEDICUS_REFERENCE_TIGHT_JUNCTION_ACTIN_SIGNALING_PATHWAY	37	24		
KEGG_MEDICUS_REFERENCE_TLR1_2_4_NFKB_SIGNALING_PATHWAY	20	17		
KEGG_MEDICUS_REFERENCE_TLR2_4_MAPK_SIGNALING_PATHWAY	26	26		
KEGG_MEDICUS_REFERENCE_TLR3_IRF3_SIGNALING_PATHWAY	9		Rejected!	
KEGG_MEDICUS_REFERENCE_TLR3_IRF7_SIGNALING_PATHWAY	19		Rejected!	
KEGG_MEDICUS_REFERENCE_TLR3_NFKB_SIGNALING_PATHWAY	10		Rejected!	
KEGG_MEDICUS_REFERENCE_TLR4_IRF3_7_SIGNALING_PATHWAY	9		Rejected!	
KEGG_MEDICUS_REFERENCE_TLR5_NFKB_SIGNALING_PATHWAY	17		Rejected!	
KEGG_MEDICUS_REFERENCE_TLR7_8_9_IRF5_SIGNALING_PATHWAY	22		Rejected!	
KEGG_MEDICUS_REFERENCE_TLR7_9_IRF7_SIGNALING_PATHWAY	20		Rejected!	
KEGG_MEDICUS_REFERENCE_TNFSF10_RIPK1_3_SIGNALING_PATHWAY	5		Rejected!	
KEGG_MEDICUS_REFERENCE_TNF_JNK_SIGNALING_PATHWAY	16	15		
KEGG_MEDICUS_REFERENCE_TNF_NFKB_SIGNALING_PATHWAY	16	15		
KEGG_MEDICUS_REFERENCE_TNF_P38_SIGNALING_PATHWAY	24	22		
KEGG_MEDICUS_REFERENCE_TNF_RIPK1_3_SIGNALING_PATHWAY	7		Rejected!	
KEGG_MEDICUS_REFERENCE_TRAIP_DEPENDENT_REPLISOME_DISASSEMBLY	16	16		
KEGG_MEDICUS_REFERENCE_TRANSCRIPTIONAL_ACTIVATION_BY_ACETYLATION_OF_H3K27	15	15		
KEGG_MEDICUS_REFERENCE_TRANSCRIPTION_COUPLED_NER	31	31		
KEGG_MEDICUS_REFERENCE_TRANSLATION_INITIATION	81	80		
KEGG_MEDICUS_REFERENCE_TRANSPORT_OF_CALCIUM	5		Rejected!	
KEGG_MEDICUS_REFERENCE_TRAPPI_RAB1_SIGNALING_PATHWAY	9		Rejected!	
KEGG_MEDICUS_REFERENCE_TRH_TRHR_PLCB_PKC_SIGNALING_PATHWAY	12		Rejected!	
KEGG_MEDICUS_REFERENCE_TSC1_2_MTORC1_SIGNALING_PATHWAY	11		Rejected!	
KEGG_MEDICUS_REFERENCE_TSH_DUOX2_TG_SIGNALING_PATHWAY	12		Rejected!	
KEGG_MEDICUS_REFERENCE_TSH_TG_SIGNALING_PATHWAY	29	25		
KEGG_MEDICUS_REFERENCE_TYPE_II_INTERFERON_TO_JAK_STAT_SIGNALING_PATHWAY	21		Rejected!	
KEGG_MEDICUS_REFERENCE_TYPE_I_IFN_SIGNALING_PATHWAY	23		Rejected!	
KEGG_MEDICUS_REFERENCE_TYPE_I_INTERFERON_TO_JAK_STAT_SIGNALING_PATHWAY	24		Rejected!	
KEGG_MEDICUS_REFERENCE_TYROSINE_DEGRADATION	5		Rejected!	
KEGG_MEDICUS_REFERENCE_UCHL1_MEDIATED_HYDROLYSIS	5		Rejected!	
KEGG_MEDICUS_REFERENCE_UREA_CYCLE	6		Rejected!	
KEGG_MEDICUS_REFERENCE_VALINE_DEGRADATION	8		Rejected!	
KEGG_MEDICUS_REFERENCE_VGCC_CA2_APOPTOTIC_PATHWAY	23	19		
KEGG_MEDICUS_REFERENCE_V_D_J_RECOMBINATION	12		Rejected!	
KEGG_MEDICUS_REFERENCE_WEE1_CELL_CYCLE_G2_M	7		Rejected!	
KEGG_MEDICUS_REFERENCE_WNT5A_ROR_SIGNALING_PATHWAY	16	15		
KEGG_MEDICUS_REFERENCE_WNT_SIGNALING_MODULATION_LGR_RSPO	19		Rejected!	
KEGG_MEDICUS_REFERENCE_WNT_SIGNALING_MODULATION_SOST_LRP4	14		Rejected!	
KEGG_MEDICUS_REFERENCE_WNT_SIGNALING_MODULATION_WNT_ACYLATION	19	15		
KEGG_MEDICUS_REFERENCE_WNT_SIGNALING_MODULATION_WNT_INHIBITOR	28	22		
KEGG_MEDICUS_REFERENCE_WNT_SIGNALING_PATHWAY	46	41		
KEGG_MEDICUS_VARIANT_AML1_ETO_FUSION_TO_PU.1_MEDIATED_TRANSCRIPTION	5		Rejected!	
KEGG_MEDICUS_VARIANT_AMPLIFIED_CCND1_TO_CELL_CYCLE_G1_S	6		Rejected!	
KEGG_MEDICUS_VARIANT_AMPLIFIED_CCNE_TO_CELL_CYCLE_G1_S	6		Rejected!	
KEGG_MEDICUS_VARIANT_AMPLIFIED_CDK4_TO_CELL_CYCLE_G1_S	8		Rejected!	
KEGG_MEDICUS_VARIANT_AMPLIFIED_EGFR_TO_PI3K_SIGNALING_PATHWAY	8		Rejected!	
KEGG_MEDICUS_VARIANT_AMPLIFIED_EGFR_TO_PLCG_CAMK_SIGNALING_PATHWAY	14		Rejected!	
KEGG_MEDICUS_VARIANT_AMPLIFIED_FGFR_TO_PI3K_SIGNALING_PATHWAY	9		Rejected!	
KEGG_MEDICUS_VARIANT_AMPLIFIED_FGFR_TO_RAS_ERK_SIGNALING_PATHWAY	15	15		
KEGG_MEDICUS_VARIANT_AMPLIFIED_MDM2_TO_P21_CELL_CYCLE_G1_S	12		Rejected!	
KEGG_MEDICUS_VARIANT_AMPLIFIED_MET_TO_PI3K_SIGNALING_PATHWAY	9		Rejected!	
KEGG_MEDICUS_VARIANT_AMPLIFIED_MYCN_TO_TRANSCRIPTIONAL_ACTIVATION	6		Rejected!	
KEGG_MEDICUS_VARIANT_AMPLIFIED_MYCN_TO_TRANSCRIPTIONAL_REPRESSION	6		Rejected!	
KEGG_MEDICUS_VARIANT_AMPLIFIED_MYC_TO_CELL_CYCLE_G1_S	11		Rejected!	
KEGG_MEDICUS_VARIANT_AMPLIFIED_MYC_TO_P27_CELL_CYCLE_G1_S	15	15		
KEGG_MEDICUS_VARIANT_AMPLIFIED_PDGFR_TO_PI3K_SIGNALING_PATHWAY	8		Rejected!	
KEGG_MEDICUS_VARIANT_AMPLIFIED_PDGFR_TO_PLCG_CAMK_SIGNALING_PATHWAY	14		Rejected!	
KEGG_MEDICUS_VARIANT_AMPLIFIED_PDGFR_TO_RAS_ERK_SIGNALING_PATHWAY	14		Rejected!	
KEGG_MEDICUS_VARIANT_AMPLIFIED_REL_TO_TRANSCRIPTION	8		Rejected!	
KEGG_MEDICUS_VARIANT_BCL2_OVEREXPRESSION_TO_INTRINSIC_APOPTOTIC_PATHWAY	7		Rejected!	
KEGG_MEDICUS_VARIANT_BCR_ABL_FUSION_KINASE_TO_PI3K_SIGNALING_PATHWAY	11		Rejected!	
KEGG_MEDICUS_VARIANT_BCR_ABL_FUSION_KINASE_TO_RAS_ERK_SIGNALING_PATHWAY	14		Rejected!	
KEGG_MEDICUS_VARIANT_CDH1_REDUCED_EXPRESSION_TO_BETA_CATENIN_SIGNALING_PATHWAY	8		Rejected!	
KEGG_MEDICUS_VARIANT_CDX2_OVEREXPRESSION_TO_TRANSCRIPTIONAL_ACTIVATION	5		Rejected!	
KEGG_MEDICUS_VARIANT_CYP11B1_CYP11B2_FUSION_TO_ACTH_CORTISOL_SIGNALING_PATHWAY	31	23		
KEGG_MEDICUS_VARIANT_DELETED_DMD_TO_DYSTROPHIN_ASSOCIATED_PROTEIN_COMPLEX	10		Rejected!	
KEGG_MEDICUS_VARIANT_DUPLICATION_OR_MUTATION_ACTIVATED_FLT3_TO_JAK_STAT_SIGNALING_PATHWAY	5		Rejected!	
KEGG_MEDICUS_VARIANT_DUPLICATION_OR_MUTATION_ACTIVATED_FLT3_TO_RAS_ERK_SIGNALING_PATHWAY	14		Rejected!	
KEGG_MEDICUS_VARIANT_DUPLICATION_OR_MUTATION_ACTIVATED_FLT3_TO_RAS_PI3K_SIGNALING_PATHWAY	14		Rejected!	
KEGG_MEDICUS_VARIANT_EGFR_OVEREXPRESSION_TO_PI3K_SIGNALING_PATHWAY	10		Rejected!	
KEGG_MEDICUS_VARIANT_EGF_OVEREXPRESSION_TO_PI3K_SIGNALING_PATHWAY	8		Rejected!	
KEGG_MEDICUS_VARIANT_EGF_OVEREXPRESSION_TO_RAS_ERK_SIGNALING_PATHWAY	15	15		
KEGG_MEDICUS_VARIANT_EML4_ALK_FUSION_KINASE_TO_JAK_STAT_SIGNALING_PATHWAY	5		Rejected!	
KEGG_MEDICUS_VARIANT_EML4_ALK_FUSION_KINASE_TO_PI3K_SIGNALING_PATHWAY	8		Rejected!	
KEGG_MEDICUS_VARIANT_EML4_ALK_FUSION_KINASE_TO_PLCG_ERK_SIGNALING_PATHWAY	14		Rejected!	
KEGG_MEDICUS_VARIANT_EML4_ALK_FUSION_KINASE_TO_RAS_ERK_SIGNALING_PATHWAY	12		Rejected!	
KEGG_MEDICUS_VARIANT_ERBB2_OVEREXPRESSION_TO_EGF_JAK_STAT_SIGNALING_PATHWAY	7		Rejected!	
KEGG_MEDICUS_VARIANT_ERBB2_OVEREXPRESSION_TO_PI3K_SIGNALING_PATHWAY	12		Rejected!	
KEGG_MEDICUS_VARIANT_ESR1_POSITIVE_TO_NUCLEAR_INITIATED_ESTROGEN_SIGNALING_PATHWAY	5		Rejected!	
KEGG_MEDICUS_VARIANT_EWSR1_WT1_FUSION_TO_TRANSCRIPTIONAL_ACTIVATION	6		Rejected!	
KEGG_MEDICUS_VARIANT_FUS_DDIT3_FUSION_TO_NFKB_MEDIATED_TRANSCRIPTION	5		Rejected!	
KEGG_MEDICUS_VARIANT_FZD7_OVEREXPRESSION_TO_WNT_SIGNALING_PATHWAY	37	33		
KEGG_MEDICUS_VARIANT_HRAS_OVEREXPRESSION_TO_ERK_SIGNALING_PATHWAY	10		Rejected!	
KEGG_MEDICUS_VARIANT_IGF2_OVEREXPRESSION_TO_RAS_ERK_SIGNALING_PATHWAY	15	15		
KEGG_MEDICUS_VARIANT_IGH_MMSET_FUSION_TO_TRANSCRIPTIONAL_ACTIVATION	19	16		
KEGG_MEDICUS_VARIANT_LMO2_REARRANGEMENT_TO_TRANSCRIPTIONAL_ACTIVATION	5		Rejected!	
KEGG_MEDICUS_VARIANT_LMO2_REARRANGEMENT_TO_TRANSCRIPTIONAL_REPRESSION	5		Rejected!	
KEGG_MEDICUS_VARIANT_LOSS_OF_CDKN1B_TO_P27_CELL_CYCLE_G1_S	8		Rejected!	
KEGG_MEDICUS_VARIANT_LOSS_OF_NKX3_1_TO_PI3K_SIGNALING_PATHWAY	5		Rejected!	
KEGG_MEDICUS_VARIANT_LOSS_OF_RASSF1_TO_RAS_RASSF1_SIGNALING_PATHWAY	6		Rejected!	
KEGG_MEDICUS_VARIANT_LOSS_OF_VHL_TO_HIF_1_SIGNALING_PATHWAY	14		Rejected!	
KEGG_MEDICUS_VARIANT_LRP6_OVEREXPRESSION_TO_WNT_SIGNALING_PATHWAY	45	40		
KEGG_MEDICUS_VARIANT_MET_OVEREXPRESSION_TO_RAS_ERK_SIGNALING_PATHWAY	14		Rejected!	
KEGG_MEDICUS_VARIANT_MLL_AF4_FUSION_TO_TRANSCRIPTIONAL_ACTIVATION	26	25		
KEGG_MEDICUS_VARIANT_MLL_ENL_FUSION_TO_TRANSCRIPTIONAL_ACTIVATION	13		Rejected!	
KEGG_MEDICUS_VARIANT_MUTATION_ACTIVATED_BRAF_TO_ERK_SIGNALING_PATHWAY	5		Rejected!	
KEGG_MEDICUS_VARIANT_MUTATION_ACTIVATED_CACNA1D_H_TO_ANGIOTENSIN_ALDOSTERONE_SIGNALING_PATHWAY	24	22		
KEGG_MEDICUS_VARIANT_MUTATION_ACTIVATED_EGFR_TO_PI3K_SIGNALING_PATHWAY	8		Rejected!	
KEGG_MEDICUS_VARIANT_MUTATION_ACTIVATED_EGFR_TO_PLCG_ERK_SIGNALING_PATHWAY	14		Rejected!	
KEGG_MEDICUS_VARIANT_MUTATION_ACTIVATED_EGFR_TO_RAS_ERK_SIGNALING_PATHWAY	15	15		
KEGG_MEDICUS_VARIANT_MUTATION_ACTIVATED_FGFR3_TO_RAS_ERK_SIGNALING_PATHWAY	16	16		
KEGG_MEDICUS_VARIANT_MUTATION_ACTIVATED_GNAS_TO_ACTH_CORTISOL_SIGNALING_PATHWAY	29	24		
KEGG_MEDICUS_VARIANT_MUTATION_ACTIVATED_GNAS_TO_CRHR_PKA_ACTH_SIGNALING_PATHWAY	24	20		
KEGG_MEDICUS_VARIANT_MUTATION_ACTIVATED_KCNJ5_TO_ANGIOTENSIN_ALDOSTERONE_SIGNALING_PATHWAY	25	23		
KEGG_MEDICUS_VARIANT_MUTATION_ACTIVATED_KIT_TO_PI3K_SIGNALING_PATHWAY	8		Rejected!	
KEGG_MEDICUS_VARIANT_MUTATION_ACTIVATED_KIT_TO_RAS_ERK_SIGNALING_PATHWAY	14		Rejected!	
KEGG_MEDICUS_VARIANT_MUTATION_ACTIVATED_KRAS_NRAS_TO_ERK_SIGNALING_PATHWAY	10		Rejected!	
KEGG_MEDICUS_VARIANT_MUTATION_ACTIVATED_KRAS_NRAS_TO_PI3K_SIGNALING_PATHWAY	9		Rejected!	
KEGG_MEDICUS_VARIANT_MUTATION_ACTIVATED_LRRK2_TO_INTRINSIC_APOPTOTIC_PATHWAY	5		Rejected!	
KEGG_MEDICUS_VARIANT_MUTATION_ACTIVATED_MET_TO_PI3K_SIGNALING_PATHWAY	9		Rejected!	
KEGG_MEDICUS_VARIANT_MUTATION_ACTIVATED_MET_TO_RAS_ERK_SIGNALING_PATHWAY	15	15		
KEGG_MEDICUS_VARIANT_MUTATION_ACTIVATED_PI3K_TO_PI3K_SIGNALING_PATHWAY	7		Rejected!	
KEGG_MEDICUS_VARIANT_MUTATION_ACTIVATED_PRKACA_TO_ACTH_CORTISOL_SIGNALING_PATHWAY	17		Rejected!	
KEGG_MEDICUS_VARIANT_MUTATION_ACTIVATED_PRKCG_TO_MGLUR1_TRPC3_SIGNALING_PATHWAY	11		Rejected!	
KEGG_MEDICUS_VARIANT_MUTATION_ACTIVATED_RET_TO_PI3K_SIGNALING_PATHWAY	8		Rejected!	
KEGG_MEDICUS_VARIANT_MUTATION_ACTIVATED_SMO_TO_HEDGEHOG_SIGNALING_PATHWAY	29	25		
KEGG_MEDICUS_VARIANT_MUTATION_ACTIVATED_USP8_TO_EGFR_ERK_ACTH_SIGNALING_PATHWAY	5		Rejected!	
KEGG_MEDICUS_VARIANT_MUTATION_CAUSED_ABBERANT_ATXN2_3_TO_MGLUR5_CA2_APOPTOTIC_PATHWAY	18	16		
KEGG_MEDICUS_VARIANT_MUTATION_CAUSED_ABERRANT_ABETA_TO_26S_PROTEASOME_MEDIATED_PROTEIN_DEGRADATION	36	35		
KEGG_MEDICUS_VARIANT_MUTATION_CAUSED_ABERRANT_ABETA_TO_AGE_RAGE_SIGNALING_PATHWAY	17	15		
KEGG_MEDICUS_VARIANT_MUTATION_CAUSED_ABERRANT_ABETA_TO_ANTEROGRADE_AXONAL_TRANSPORT	24	20		
KEGG_MEDICUS_VARIANT_MUTATION_CAUSED_ABERRANT_ABETA_TO_CROSSTALK_BETWEEN_EXTRINSIC_AND_INTRINSIC_APOPTOTIC_PATHWAYS	11		Rejected!	
KEGG_MEDICUS_VARIANT_MUTATION_CAUSED_ABERRANT_ABETA_TO_ELECTRON_TRANSFER_IN_COMPLEX_I	51	45		
KEGG_MEDICUS_VARIANT_MUTATION_CAUSED_ABERRANT_ABETA_TO_ELECTRON_TRANSFER_IN_COMPLEX_IV	20		Rejected!	
KEGG_MEDICUS_VARIANT_MUTATION_CAUSED_ABERRANT_ABETA_TO_IRE1A_JNK_SIGNALING_PATHWAY	6		Rejected!	
KEGG_MEDICUS_VARIANT_MUTATION_CAUSED_ABERRANT_ABETA_TO_MACHR_CA2_APOPTOTIC_PATHWAY	21	18		
KEGG_MEDICUS_VARIANT_MUTATION_CAUSED_ABERRANT_ABETA_TO_MGLUR5_CA2_APOPTOTIC_PATHWAY	22	20		
KEGG_MEDICUS_VARIANT_MUTATION_CAUSED_ABERRANT_ABETA_TO_TRANSPORT_OF_CALCIUM	15		Rejected!	
KEGG_MEDICUS_VARIANT_MUTATION_CAUSED_ABERRANT_ABETA_TO_VGCC_CA2_APOPTOTIC_PATHWAY_N01004	14		Rejected!	
KEGG_MEDICUS_VARIANT_MUTATION_CAUSED_ABERRANT_ABETA_TO_VGCC_CA2_APOPTOTIC_PATHWAY_N01006	10		Rejected!	
KEGG_MEDICUS_VARIANT_MUTATION_CAUSED_ABERRANT_ATXN1_TO_RORA_MEDIATED_TRANSCRIPTION	6		Rejected!	
KEGG_MEDICUS_VARIANT_MUTATION_CAUSED_ABERRANT_DCTN1_TO_RETROGRADE_AXONAL_TRANSPORT	18		Rejected!	
KEGG_MEDICUS_VARIANT_MUTATION_CAUSED_ABERRANT_HTT_TO_26S_PROTEASOME_MEDIATED_PROTEIN_DEGRADATION	36	35		
KEGG_MEDICUS_VARIANT_MUTATION_CAUSED_ABERRANT_HTT_TO_ANTEROGRADE_AXONAL_TRANSPORT	26	21		
KEGG_MEDICUS_VARIANT_MUTATION_CAUSED_ABERRANT_HTT_TO_AUTOPHAGY_VESICLE_NUCLEATION	6		Rejected!	
KEGG_MEDICUS_VARIANT_MUTATION_CAUSED_ABERRANT_HTT_TO_CREB_MEDIATED_TRANSCRIPTION	13		Rejected!	
KEGG_MEDICUS_VARIANT_MUTATION_CAUSED_ABERRANT_HTT_TO_ELECTRON_TRANSFER_IN_COMPLEX_II	5		Rejected!	
KEGG_MEDICUS_VARIANT_MUTATION_CAUSED_ABERRANT_HTT_TO_ELECTRON_TRANSFER_IN_COMPLEX_III	12		Rejected!	
KEGG_MEDICUS_VARIANT_MUTATION_CAUSED_ABERRANT_HTT_TO_EXTRINSIC_APOPTOTIC_PATHWAY	5		Rejected!	
KEGG_MEDICUS_VARIANT_MUTATION_CAUSED_ABERRANT_HTT_TO_MGLUR5_CA2_APOPTOTIC_PATHWAY	23	21		
KEGG_MEDICUS_VARIANT_MUTATION_CAUSED_ABERRANT_HTT_TO_REST_MEDIATED_TRANSCRIPTIONAL_REPRESSION	7		Rejected!	
KEGG_MEDICUS_VARIANT_MUTATION_CAUSED_ABERRANT_HTT_TO_RETROGRADE_AXONAL_TRANSPORT	45	36		
KEGG_MEDICUS_VARIANT_MUTATION_CAUSED_ABERRANT_HTT_TO_TNF_JNK_SIGNALING_PATHWAY	6		Rejected!	
KEGG_MEDICUS_VARIANT_MUTATION_CAUSED_ABERRANT_HTT_TO_TRANSPORT_OF_CALCIUM	19	16		
KEGG_MEDICUS_VARIANT_MUTATION_CAUSED_ABERRANT_PDYN_TO_TRANSPORT_OF_CALCIUM	6		Rejected!	
KEGG_MEDICUS_VARIANT_MUTATION_CAUSED_ABERRANT_PSEN1_TO_ANTEROGRADE_AXONAL_TRANSPORT	9		Rejected!	
KEGG_MEDICUS_VARIANT_MUTATION_CAUSED_ABERRANT_PSEN1_TO_MGLUR5_CA2_APOPTOTIC_PATHWAY	13		Rejected!	
KEGG_MEDICUS_VARIANT_MUTATION_CAUSED_ABERRANT_PSEN1_TO_PERK_ATF4_SIGNALING_PATHWAY	5		Rejected!	
KEGG_MEDICUS_VARIANT_MUTATION_CAUSED_ABERRANT_PSEN_TO_MGLUR5_CA2_APOPTOTIC_PATHWAY	16	15		
KEGG_MEDICUS_VARIANT_MUTATION_CAUSED_ABERRANT_SNCA_TO_26S_PROTEASOME_MEDIATED_PROTEIN_DEGRADATION	36	34		
KEGG_MEDICUS_VARIANT_MUTATION_CAUSED_ABERRANT_SNCA_TO_ANTEROGRADE_AXONAL_TRANSPORT	25	19		
KEGG_MEDICUS_VARIANT_MUTATION_CAUSED_ABERRANT_SNCA_TO_ELECTRON_TRANSFER_IN_COMPLEX_I	45	38		
KEGG_MEDICUS_VARIANT_MUTATION_CAUSED_ABERRANT_SNCA_TO_PERK_ATF4_SIGNALING_PATHWAY	6		Rejected!	
KEGG_MEDICUS_VARIANT_MUTATION_CAUSED_ABERRANT_SNCA_TO_VGCC_CA2_APOPTOTIC_PATHWAY	13		Rejected!	
KEGG_MEDICUS_VARIANT_MUTATION_CAUSED_ABERRANT_SOD1_TO_26S_PROTEASOME_MEDIATED_PROTEIN_DEGRADATION	41	40		
KEGG_MEDICUS_VARIANT_MUTATION_CAUSED_ABERRANT_SOD1_TO_INTRINSIC_APOPTOTIC_PATHWAY	8		Rejected!	
KEGG_MEDICUS_VARIANT_MUTATION_CAUSED_ABERRANT_SOD1_TO_PERK_ATF4_SIGNALING_PATHWAY	6		Rejected!	
KEGG_MEDICUS_VARIANT_MUTATION_CAUSED_ABERRANT_SOD1_TO_RETROGRADE_AXONAL_TRANSPORT	27	22		
KEGG_MEDICUS_VARIANT_MUTATION_CAUSED_ABERRANT_SPTBN2_TO_MGLUR1_TRPC3_SIGNALING_PATHWAY	10		Rejected!	
KEGG_MEDICUS_VARIANT_MUTATION_CAUSED_ABERRANT_TDP43_TO_ELECTRON_TRANSFER_IN_COMPLEX_I	45	39		
KEGG_MEDICUS_VARIANT_MUTATION_INACTIVATED_APC_TO_WNT_SIGNALING_PATHWAY	12		Rejected!	
KEGG_MEDICUS_VARIANT_MUTATION_INACTIVATED_ATP1A1_TO_ANGIOTENSIN_ALDOSTERONE_SIGNALING_PATHWAY	25	23		
KEGG_MEDICUS_VARIANT_MUTATION_INACTIVATED_ATP2B3_TO_ANGIOTENSIN_ALDOSTERONE_SIGNALING_PATHWAY	23	20		
KEGG_MEDICUS_VARIANT_MUTATION_INACTIVATED_ATXN3_TO_AUTOPHAGY_VESICLE_NUCLEATION	6		Rejected!	
KEGG_MEDICUS_VARIANT_MUTATION_INACTIVATED_AXIN_TO_WNT_SIGNALING_PATHWAY	10		Rejected!	
KEGG_MEDICUS_VARIANT_MUTATION_INACTIVATED_DJ1_TO_FAS_JNK_SIGNALING_PATWHAY	6		Rejected!	
KEGG_MEDICUS_VARIANT_MUTATION_INACTIVATED_ERBB4_TO_NRG_ERBB4_PI3K_SIGNALING_PATHWAY	5		Rejected!	
KEGG_MEDICUS_VARIANT_MUTATION_INACTIVATED_FGF17_TO_RAS_ERK_SIGNALING_PATHWAY	15		Rejected!	
KEGG_MEDICUS_VARIANT_MUTATION_INACTIVATED_OPTN_TO_PINK_PARKIN_MEDIATED_AUTOPHAGOSOME_FORMATION	9		Rejected!	
KEGG_MEDICUS_VARIANT_MUTATION_INACTIVATED_P62_TO_PINK_PARKIN_MEDIATED_AUTOPHAGOSOME_FORMATION	13		Rejected!	
KEGG_MEDICUS_VARIANT_MUTATION_INACTIVATED_PDE11A_PDE8B_TO_ACTH_CORTISOL_SIGNALING_PATHWAY	20	17		
KEGG_MEDICUS_VARIANT_MUTATION_INACTIVATED_PINK1_TO_ELECTRON_TRANSFER_IN_COMPLEX_I	45	39		
KEGG_MEDICUS_VARIANT_MUTATION_INACTIVATED_PINK1_TO_INTRINSIC_APOPTOTIC_PATHWAY_N01048	7		Rejected!	
KEGG_MEDICUS_VARIANT_MUTATION_INACTIVATED_PINK1_TO_INTRINSIC_APOPTOTIC_PATHWAY_N01050	7		Rejected!	
KEGG_MEDICUS_VARIANT_MUTATION_INACTIVATED_PRKAR1A_TO_ACTH_CORTISOL_SIGNALING_PATHWAY	18	15		
KEGG_MEDICUS_VARIANT_MUTATION_INACTIVATED_PRKN_TO_INTRINSIC_APOPTOTIC_PATHWAY	6		Rejected!	
KEGG_MEDICUS_VARIANT_MUTATION_INACTIVATED_PRKN_TO_MGLUR1_SIGNALING_PATHWAY	5		Rejected!	
KEGG_MEDICUS_VARIANT_MUTATION_INACTIVATED_PROK2_TO_PROK_PRKR_GI_ERK_SIGNALING_PATHWAY	8		Rejected!	
KEGG_MEDICUS_VARIANT_MUTATION_INACTIVATED_PROKR2_TO_PROK_PRKR_GI_ERK_SIGNALING_PATHWAY	8		Rejected!	
KEGG_MEDICUS_VARIANT_MUTATION_INACTIVATED_PTCH1_TO_HEDGEHOG_SIGNALING_PATHWAY	29	25		
KEGG_MEDICUS_VARIANT_MUTATION_INACTIVATED_RASD1_TO_CRHR_PKA_ACTH_SIGNALING_PATHWAY	27	23		
KEGG_MEDICUS_VARIANT_MUTATION_INACTIVATED_RUNX1_TO_TRANSCRIPTION	5		Rejected!	
KEGG_MEDICUS_VARIANT_MUTATION_INACTIVATED_SIGMAR1_TO_CA2_APOPTOTIC_PATHWAY	13		Rejected!	
KEGG_MEDICUS_VARIANT_MUTATION_INACTIVATED_TP53_TO_TRANSCRIPTION	9		Rejected!	
KEGG_MEDICUS_VARIANT_MUTATION_INACTIVATED_UBQLN2_TO_26S_PROTEASOME_MEDIATED_PROTEIN_DEGRADATION	40	39		
KEGG_MEDICUS_VARIANT_MUTATION_INACTIVATED_VCP_TO_26S_PROTEASOME_MEDIATED_PROTEIN_DEGRADATION	40	39		
KEGG_MEDICUS_VARIANT_NOTCH_OVEREXPRESSION_TO_NOTCH_SIGNALING_PATHWAY	16		Rejected!	
KEGG_MEDICUS_VARIANT_OLIGOMERIC_CONFORMATION_PRPC_TO_ANTEROGRADE_AXONAL_TRANSPORT	13		Rejected!	
KEGG_MEDICUS_VARIANT_PAX8_PPARG_FUSION_TO_PPARG_MEDIATED_TRANSCRIPTION	5		Rejected!	
KEGG_MEDICUS_VARIANT_RET_FUSION_KINASE_TO_RAS_ERK_SIGNALING_PATHWAY	11		Rejected!	
KEGG_MEDICUS_VARIANT_SCRAPIE_CONFORMATION_PRPSC_TO_26S_PROTEASOME_MEDIATED_PROTEIN_DEGRADATION	36	35		
KEGG_MEDICUS_VARIANT_SCRAPIE_CONFORMATION_PRPSC_TO_MGLUR5_CA2_APOPTOTIC_PATHWAY	19	16		
KEGG_MEDICUS_VARIANT_SCRAPIE_CONFORMATION_PRPSC_TO_PERK_ATF4_SIGNALING_PATHWAY	6		Rejected!	
KEGG_MEDICUS_VARIANT_SCRAPIE_CONFORMATION_PRPSC_TO_TRANSPORT_OF_CALCIUM	18	15		
KEGG_MEDICUS_VARIANT_SCRAPIE_CONFORMATION_PRPSC_TO_VGCC_CA2_APOPTOTIC_PATHWAY	6		Rejected!	
KEGG_MEDICUS_VARIANT_TEL_AML1_FUSION_TO_TRANSCRIPTIONAL_REPRESSION	11		Rejected!	
KEGG_MEDICUS_VARIANT_TGFA_OVEREXPRESSION_TO_PI3K_SIGNALING_PATHWAY	8		Rejected!	
KEGG_MEDICUS_VARIANT_TMPRSS2_ERG_FUSION_TO_TRANSCRIPTIONAL_ACTIVATION	7		Rejected!	
KEGG_MEDICUS_VARIANT_TRK_FUSION_KINASE_TO_RAS_ERK_SIGNALING_PATHWAY	11		Rejected!	
KEGG_ABC_TRANSPORTERS	44	37		
KEGG_ACUTE_MYELOID_LEUKEMIA	57	52		
KEGG_ADHERENS_JUNCTION	73	69		
KEGG_ADIPOCYTOKINE_SIGNALING_PATHWAY	67	56		
KEGG_ALANINE_ASPARTATE_AND_GLUTAMATE_METABOLISM	32	27		
KEGG_ALDOSTERONE_REGULATED_SODIUM_REABSORPTION	42	31		
KEGG_ALLOGRAFT_REJECTION	37	20		
KEGG_ALPHA_LINOLENIC_ACID_METABOLISM	19		Rejected!	
KEGG_ALZHEIMERS_DISEASE	166	139		
KEGG_AMINOACYL_TRNA_BIOSYNTHESIS	41	41		
KEGG_AMINO_SUGAR_AND_NUCLEOTIDE_SUGAR_METABOLISM	44	41		
KEGG_AMYOTROPHIC_LATERAL_SCLEROSIS_ALS	53	47		
KEGG_ANTIGEN_PROCESSING_AND_PRESENTATION	88	55		
KEGG_APOPTOSIS	87	77		
KEGG_ARACHIDONIC_ACID_METABOLISM	58	30		
KEGG_ARGININE_AND_PROLINE_METABOLISM	54	43		
KEGG_ARRHYTHMOGENIC_RIGHT_VENTRICULAR_CARDIOMYOPATHY_ARVC	74	59		
KEGG_ASCORBATE_AND_ALDARATE_METABOLISM	25		Rejected!	
KEGG_ASTHMA	30		Rejected!	
KEGG_AUTOIMMUNE_THYROID_DISEASE	52	21		
KEGG_AXON_GUIDANCE	129	122		
KEGG_BASAL_CELL_CARCINOMA	55	50		
KEGG_BASAL_TRANSCRIPTION_FACTORS	35	31		
KEGG_BASE_EXCISION_REPAIR	35	33		
KEGG_BETA_ALANINE_METABOLISM	22	19		
KEGG_BIOSYNTHESIS_OF_UNSATURATED_FATTY_ACIDS	22	21		
KEGG_BLADDER_CANCER	42	42		
KEGG_BUTANOATE_METABOLISM	34	26		
KEGG_B_CELL_RECEPTOR_SIGNALING_PATHWAY	75	57		
KEGG_CALCIUM_SIGNALING_PATHWAY	178	129		
KEGG_CARDIAC_MUSCLE_CONTRACTION	79	52		
KEGG_CELL_ADHESION_MOLECULES_CAMS	133	96		
KEGG_CELL_CYCLE	125	120		
KEGG_CHEMOKINE_SIGNALING_PATHWAY	188	126		
KEGG_CHRONIC_MYELOID_LEUKEMIA	73	70		
KEGG_CIRCADIAN_RHYTHM_MAMMAL	13		Rejected!	
KEGG_CITRATE_CYCLE_TCA_CYCLE	31	28		
KEGG_COLORECTAL_CANCER	62	59		
KEGG_COMPLEMENT_AND_COAGULATION_CASCADES	69	40		
KEGG_CYSTEINE_AND_METHIONINE_METABOLISM	34	27		
KEGG_CYTOKINE_CYTOKINE_RECEPTOR_INTERACTION	264	139		
KEGG_CYTOSOLIC_DNA_SENSING_PATHWAY	55	35		
KEGG_DILATED_CARDIOMYOPATHY	90	67		
KEGG_DNA_REPLICATION	36	35		
KEGG_DORSO_VENTRAL_AXIS_FORMATION	24	21		
KEGG_DRUG_METABOLISM_CYTOCHROME_P450	72	26		
KEGG_DRUG_METABOLISM_OTHER_ENZYMES	51	21		
KEGG_ECM_RECEPTOR_INTERACTION	84	72		
KEGG_ENDOCYTOSIS	181	165		
KEGG_ENDOMETRIAL_CANCER	52	49		
KEGG_EPITHELIAL_CELL_SIGNALING_IN_HELICOBACTER_PYLORI_INFECTION	68	63		
KEGG_ERBB_SIGNALING_PATHWAY	87	80		
KEGG_ETHER_LIPID_METABOLISM	33	23		
KEGG_FATTY_ACID_METABOLISM	42	33		
KEGG_FC_EPSILON_RI_SIGNALING_PATHWAY	79	57		
KEGG_FC_GAMMA_R_MEDIATED_PHAGOCYTOSIS	96	82		
KEGG_FOCAL_ADHESION	199	177		
KEGG_FOLATE_BIOSYNTHESIS	11		Rejected!	
KEGG_FRUCTOSE_AND_MANNOSE_METABOLISM	34	29		
KEGG_GALACTOSE_METABOLISM	26	21		
KEGG_GAP_JUNCTION	90	76		
KEGG_GLIOMA	65	60		
KEGG_GLUTATHIONE_METABOLISM	50	41		
KEGG_GLYCEROLIPID_METABOLISM	49	42		
KEGG_GLYCEROPHOSPHOLIPID_METABOLISM	77	67		
KEGG_GLYCINE_SERINE_AND_THREONINE_METABOLISM	31	24		
KEGG_GLYCOLYSIS_GLUCONEOGENESIS	62	41		
KEGG_GLYCOSAMINOGLYCAN_BIOSYNTHESIS_CHONDROITIN_SULFATE	22	21		
KEGG_GLYCOSAMINOGLYCAN_BIOSYNTHESIS_HEPARAN_SULFATE	26	23		
KEGG_GLYCOSAMINOGLYCAN_BIOSYNTHESIS_KERATAN_SULFATE	15		Rejected!	
KEGG_GLYCOSAMINOGLYCAN_DEGRADATION	21	18		
KEGG_GLYCOSPHINGOLIPID_BIOSYNTHESIS_GANGLIO_SERIES	15		Rejected!	
KEGG_GLYCOSPHINGOLIPID_BIOSYNTHESIS_GLOBO_SERIES	14		Rejected!	
KEGG_GLYCOSPHINGOLIPID_BIOSYNTHESIS_LACTO_AND_NEOLACTO_SERIES	26	23		
KEGG_GLYCOSYLPHOSPHATIDYLINOSITOL_GPI_ANCHOR_BIOSYNTHESIS	25	24		
KEGG_GLYOXYLATE_AND_DICARBOXYLATE_METABOLISM	16		Rejected!	
KEGG_GNRH_SIGNALING_PATHWAY	101	80		
KEGG_GRAFT_VERSUS_HOST_DISEASE	41	22		
KEGG_HEDGEHOG_SIGNALING_PATHWAY	56	49		
KEGG_HEMATOPOIETIC_CELL_LINEAGE	87	42		
KEGG_HISTIDINE_METABOLISM	29	21		
KEGG_HOMOLOGOUS_RECOMBINATION	28	27		
KEGG_HUNTINGTONS_DISEASE	182	157		
KEGG_HYPERTROPHIC_CARDIOMYOPATHY_HCM	83	60		
KEGG_INOSITOL_PHOSPHATE_METABOLISM	54	50		
KEGG_INSULIN_SIGNALING_PATHWAY	137	117		
KEGG_INTESTINAL_IMMUNE_NETWORK_FOR_IGA_PRODUCTION	48	27		
KEGG_JAK_STAT_SIGNALING_PATHWAY	155	92		
KEGG_LEISHMANIA_INFECTION	72	55		
KEGG_LEUKOCYTE_TRANSENDOTHELIAL_MIGRATION	116	87		
KEGG_LIMONENE_AND_PINENE_DEGRADATION	10		Rejected!	
KEGG_LINOLEIC_ACID_METABOLISM	29		Rejected!	
KEGG_LONG_TERM_DEPRESSION	70	54		
KEGG_LONG_TERM_POTENTIATION	70	60		
KEGG_LYSINE_DEGRADATION	44	44		
KEGG_LYSOSOME	121	114		
KEGG_MAPK_SIGNALING_PATHWAY	267	227		
KEGG_MATURITY_ONSET_DIABETES_OF_THE_YOUNG	25		Rejected!	
KEGG_MELANOGENESIS	101	84		
KEGG_MELANOMA	71	58		
KEGG_METABOLISM_OF_XENOBIOTICS_BY_CYTOCHROME_P450	70	28		
KEGG_MISMATCH_REPAIR	23	22		
KEGG_MTOR_SIGNALING_PATHWAY	52	48		
KEGG_NATURAL_KILLER_CELL_MEDIATED_CYTOTOXICITY	137	82		
KEGG_NEUROACTIVE_LIGAND_RECEPTOR_INTERACTION	272	139		
KEGG_NEUROTROPHIN_SIGNALING_PATHWAY	126	117		
KEGG_NICOTINATE_AND_NICOTINAMIDE_METABOLISM	24	23		
KEGG_NITROGEN_METABOLISM	23		Rejected!	
KEGG_NOD_LIKE_RECEPTOR_SIGNALING_PATHWAY	62	49		
KEGG_NON_HOMOLOGOUS_END_JOINING	13		Rejected!	
KEGG_NON_SMALL_CELL_LUNG_CANCER	54	51		
KEGG_NOTCH_SIGNALING_PATHWAY	47	44		
KEGG_NUCLEOTIDE_EXCISION_REPAIR	44	43		
KEGG_N_GLYCAN_BIOSYNTHESIS	46	46		
KEGG_OLFACTORY_TRANSDUCTION	389	47		
KEGG_ONE_CARBON_POOL_BY_FOLATE	17	16		
KEGG_OOCYTE_MEIOSIS	113	97		
KEGG_OTHER_GLYCAN_DEGRADATION	16	15		
KEGG_OXIDATIVE_PHOSPHORYLATION	132	106		
KEGG_O_GLYCAN_BIOSYNTHESIS	30	24		
KEGG_P53_SIGNALING_PATHWAY	68	65		
KEGG_PANCREATIC_CANCER	70	67		
KEGG_PANTOTHENATE_AND_COA_BIOSYNTHESIS	16		Rejected!	
KEGG_PARKINSONS_DISEASE	130	104		
KEGG_PATHOGENIC_ESCHERICHIA_COLI_INFECTION	56	48		
KEGG_PATHWAYS_IN_CANCER	325	295		
KEGG_PENTOSE_AND_GLUCURONATE_INTERCONVERSIONS	28		Rejected!	
KEGG_PENTOSE_PHOSPHATE_PATHWAY	27	20		
KEGG_PEROXISOME	78	73		
KEGG_PHENYLALANINE_METABOLISM	18		Rejected!	
KEGG_PHOSPHATIDYLINOSITOL_SIGNALING_SYSTEM	76	68		
KEGG_PORPHYRIN_AND_CHLOROPHYLL_METABOLISM	41	20		
KEGG_PPAR_SIGNALING_PATHWAY	69	49		
KEGG_PRIMARY_BILE_ACID_BIOSYNTHESIS	16		Rejected!	
KEGG_PRIMARY_IMMUNODEFICIENCY	35	15		
KEGG_PRION_DISEASES	35	25		
KEGG_PROGESTERONE_MEDIATED_OOCYTE_MATURATION	85	76		
KEGG_PROPANOATE_METABOLISM	33	29		
KEGG_PROSTATE_CANCER	89	83		
KEGG_PROTEASOME	46	41		
KEGG_PROTEIN_EXPORT	24	23		
KEGG_PROXIMAL_TUBULE_BICARBONATE_RECLAMATION	23	17		
KEGG_PURINE_METABOLISM	159	141		
KEGG_PYRIMIDINE_METABOLISM	98	92		
KEGG_PYRUVATE_METABOLISM	40	34		
KEGG_REGULATION_OF_ACTIN_CYTOSKELETON	213	178		
KEGG_REGULATION_OF_AUTOPHAGY	35	19		
KEGG_RENAL_CELL_CARCINOMA	70	67		
KEGG_RENIN_ANGIOTENSIN_SYSTEM	17		Rejected!	
KEGG_RETINOL_METABOLISM	64	19		
KEGG_RIBOFLAVIN_METABOLISM	16		Rejected!	
KEGG_RIBOSOME	88	85		
KEGG_RIG_I_LIKE_RECEPTOR_SIGNALING_PATHWAY	71	53		
KEGG_RNA_DEGRADATION	59	56		
KEGG_RNA_POLYMERASE	29	29		
KEGG_SELENOAMINO_ACID_METABOLISM	26	26		
KEGG_SMALL_CELL_LUNG_CANCER	84	81		
KEGG_SNARE_INTERACTIONS_IN_VESICULAR_TRANSPORT	38	37		
KEGG_SPHINGOLIPID_METABOLISM	39	36		
KEGG_SPLICEOSOME	127	126		
KEGG_STARCH_AND_SUCROSE_METABOLISM	52	23		
KEGG_STEROID_BIOSYNTHESIS	17	17		
KEGG_STEROID_HORMONE_BIOSYNTHESIS	55	18		
KEGG_SULFUR_METABOLISM	13		Rejected!	
KEGG_SYSTEMIC_LUPUS_ERYTHEMATOSUS	139	99		
KEGG_TASTE_TRANSDUCTION	52	20		
KEGG_TAURINE_AND_HYPOTAURINE_METABOLISM	10		Rejected!	
KEGG_TERPENOID_BACKBONE_BIOSYNTHESIS	15		Rejected!	
KEGG_TGF_BETA_SIGNALING_PATHWAY	86	77		
KEGG_THYROID_CANCER	29	27		
KEGG_TIGHT_JUNCTION	132	108		
KEGG_TOLL_LIKE_RECEPTOR_SIGNALING_PATHWAY	102	74		
KEGG_TRYPTOPHAN_METABOLISM	40	31		
KEGG_TYPE_II_DIABETES_MELLITUS	47	36		
KEGG_TYPE_I_DIABETES_MELLITUS	43	29		
KEGG_TYROSINE_METABOLISM	42	28		
KEGG_T_CELL_RECEPTOR_SIGNALING_PATHWAY	108	79		
KEGG_UBIQUITIN_MEDIATED_PROTEOLYSIS	135	130		
KEGG_VALINE_LEUCINE_AND_ISOLEUCINE_BIOSYNTHESIS	11		Rejected!	
KEGG_VALINE_LEUCINE_AND_ISOLEUCINE_DEGRADATION	44	43		
KEGG_VASCULAR_SMOOTH_MUSCLE_CONTRACTION	115	94		
KEGG_VASOPRESSIN_REGULATED_WATER_REABSORPTION	44	39		
KEGG_VEGF_SIGNALING_PATHWAY	76	62		
KEGG_VIBRIO_CHOLERAE_INFECTION	54	48		
KEGG_VIRAL_MYOCARDITIS	70	52		
KEGG_WNT_SIGNALING_PATHWAY	151	133		
