"__mclCluster","EnrichmentMap::Colouring (Dataset 1)","EnrichmentMap::ES (Dataset 1)","EnrichmentMap::fdr_qvalue (Dataset 1)","EnrichmentMap::fwer_qvalue (Dataset 1)","EnrichmentMap::Genes","EnrichmentMap::GS_DESCR","EnrichmentMap::gs_size","EnrichmentMap::GS_Type","EnrichmentMap::Name","EnrichmentMap::NES (Dataset 1)","EnrichmentMap::pvalue (Dataset 1)","name","selected","shared name"
"5","1.0","0.4763","0.0158","0.383","PRKCZ|SHISA6|GPC4|RAP2A|CACNG8|RALA|EFNB2|FRRS1L|GSG1L|ITGB3|LHFPL4|CACNG7|ERBB4|GPC6|TAMALIN|CACNG4|HIP1","https://www.gsea-msigdb.org/gsea/msigdb/human/geneset/GOBP_REGULATION_OF_POSTSYNAPTIC_MEMBRANE_NEUROTRANSMITTER_RECEPTOR_LEVELS","17","ENR","GOBP_REGULATION_OF_POSTSYNAPTIC_MEMBRANE_NEUROTRANSMITTER_RECEPTOR_LEVELS","2.1897","0.0","GOBP_REGULATION_OF_POSTSYNAPTIC_MEMBRANE_NEUROTRANSMITTER_RECEPTOR_LEVELS","false","GOBP_REGULATION_OF_POSTSYNAPTIC_MEMBRANE_NEUROTRANSMITTER_RECEPTOR_LEVELS"
"1","0.9978","0.4362","0.0502","0.942","FOXG1|PTN|SMO|BCAN|DMRTA2|CX3CL1|DISC1|FZD3|BTG2|ID4|HAPLN1|VCAN|PROX1|PAX6|KIFAP3","https://www.gsea-msigdb.org/gsea/msigdb/human/geneset/GOBP_REGULATION_OF_NEUROBLAST_PROLIFERATION","15","ENR","GOBP_REGULATION_OF_NEUROBLAST_PROLIFERATION","1.925","0.0022","GOBP_REGULATION_OF_NEUROBLAST_PROLIFERATION","false","GOBP_REGULATION_OF_NEUROBLAST_PROLIFERATION"
"1","0.9975","0.317","0.0214","0.502","NDP|SIRT2|PLP1|KLF15|PTN|ASCL1|SMO|GPM6B|SOX11|TENM4|DAAM2|LAMA2|SOX4|CDK6|CXCR4|ID4|EPHA4|FGF5|HAPLN1|IL33|CDH2|HES1|SOX6|BIN1|SERPINE2|BCAN|PTPRZ1|TUBA1A|SOX8|DNER|GFAP|OLIG1|GAP43|LIF|DLL1|PLEC|VCAN|DTX1|NRROS|POU3F2|TMEM98|LEF1|OLIG2|PAX6","https://www.gsea-msigdb.org/gsea/msigdb/human/geneset/GOBP_GLIAL_CELL_DIFFERENTIATION","44","ENR","GOBP_GLIAL_CELL_DIFFERENTIATION","2.143","0.0025","GOBP_GLIAL_CELL_DIFFERENTIATION","false","GOBP_GLIAL_CELL_DIFFERENTIATION"
"1","1.0","0.275","4.0E-4","0.004","BTD|GRIK1|SETD1A|SOX4|CXCR4|BRINP2|FZD3|CA10|EGF|ID4|HPRT1|IL1RAPL2|IL33|RTN1|COL4A1|PROX1|INHBA|PRKN|BCAN|PTPRZ1|TUBA1A|TUBB2B|DNER|GFAP|INHBB|ADAM23|LIF|ATXN1|COL3A1|DLL1|NDRG2|POU3F2|TMEM98|INA|NOVA2|LEF1|PAX6|FAIM2|GRIA1|ASCL1|ARNT2|GPM6B|SOX11|DCC|TUBGCP2|CDH11|AQP1|ELAVL4|EPHA4|HAPLN1|NLGN4X|C3|BIN1|GRIN2B|PGAP1|MBP|SERPINE2|FCGR2B|DMRTA2|SELENOP|UGT8|KCNC1|ITGAM|DISC1|NRCAM|TAGLN3|NRROS|COL2A1|LOXL3|ABAT|EN1|ALDH5A1|NDP|SIRT2|PLP1|PTN|SMO|FEZ1|TENM4|DAAM2|PLXNA4|NRP2|SOX6|GLI2|BMP7|EFNA2|DCLK1|FOXG1|HOXB2|NES|CCDC39|MAP2|ALK|ODAD2|EPHA5|NME5|OLIG1|CLDN3|GAP43|FGFR2|NFASC|CAPG|ZIC1|TNR|MEIS3|S100B|VIT|CDK6|ROBO2|SEMA3F|SEMA5A|BTG2|EPHB3|ERBB4|HOXC10|CDH2|HES1|IRS2|MARCKS|KIF26A|SOX8|SALL1|THOC6|VCAN|NOTCH3|OLIG2|GPR158|KCNA2|POU3F3","https://www.gsea-msigdb.org/gsea/msigdb/human/geneset/GOBP_CENTRAL_NERVOUS_SYSTEM_DEVELOPMENT","129","ENR","GOBP_CENTRAL_NERVOUS_SYSTEM_DEVELOPMENT","2.6517","0.0","GOBP_CENTRAL_NERVOUS_SYSTEM_DEVELOPMENT","false","GOBP_CENTRAL_NERVOUS_SYSTEM_DEVELOPMENT"
"1","1.0","0.2765","9.0E-4","0.014","CXCR4|FZD3|CACNG7|DPYSL5|HPRT1|PROX1|RUFY3|MEGF8|KRT8|CPNE5|PRKN|NCAM1|PTPRZ1|SDC2|TUBA1A|TUBB2B|HDAC6|LPAR3|ATL1|PLEC|POU3F2|NOVA2|TNN|NLGN3|PAX6|POSTN|DCC|LAMA2|CDH11|CTNND2|ELAVL4|EPHA4|UGT8|KIF5A|DISC1|KIF5C|NRCAM|ROBO3|NDP|PRKCZ|PTN|SMO|FEZ1|DVL1|NLGN1|TENM4|PLXNA4|SYT1|EPHA3|FARP1|NRP2|UNC5D|ABI2|ARHGAP4|GLI2|AUTS2|BMP7|EFNA2|DCLK1|FLNC|FOXG1|NES|SHTN1|ANOS1|CYFIP2|TRPV2|MAP2|EPHA5|GAP43|FGFR2|GPM6A|NEO1|NFASC|ACTN2|PDGFRA|TNR|TNNT1|S100B|TTN|BOC|CDKL5|CHODL|ROBO2|SEMA3F|ENPP2|SEMA5A|EPHA6|SEMA6A|EPHB3|EFNA1|ITPKA|CDH2|CDH4|RAP2A|PLEKHG4|BMPR2|FLRT3|TNIK|ULK2|PDPN|EFNB2|EFNB3|OLFM1|NOTCH3","https://www.gsea-msigdb.org/gsea/msigdb/human/geneset/GOBP_CELLULAR_COMPONENT_MORPHOGENESIS","104","ENR","GOBP_CELLULAR_COMPONENT_MORPHOGENESIS","2.5529","0.0","GOBP_CELLULAR_COMPONENT_MORPHOGENESIS","false","GOBP_CELLULAR_COMPONENT_MORPHOGENESIS"
"4","1.0","0.3446","0.0312","0.715","HMGXB4|IGFBP2|KLF15|SHISA6|BAMBI|DAAM2|SNAI2|SOX4|CTNND2|PLEKHA4|SEMA5A|EGF|CDH2|SULF2|CER1|GRB10|CRBN|PRKN|DISC1|ANKRD6|NKD1|JUP|SALL1|CCN4|FGFR2|GPRC5B|LEF1|TNN|EMD|SFRP4|LZTS2|RNF213|AMER2|APCDD1","https://www.gsea-msigdb.org/gsea/msigdb/human/geneset/GOBP_REGULATION_OF_WNT_SIGNALING_PATHWAY","34","ENR","GOBP_REGULATION_OF_WNT_SIGNALING_PATHWAY","2.054","0.0","GOBP_REGULATION_OF_WNT_SIGNALING_PATHWAY","false","GOBP_REGULATION_OF_WNT_SIGNALING_PATHWAY"
,"1.0","0.2399","0.0338","0.752","NDP|SLC15A2|CCL2|MLC1|SNCA|RAMP1|ARHGAP25|LMBRD1|NLGN1|SLC18A1|SYT1|SNX18|ADRB2|ANXA11|EGF|EPHA3|IL15RA|ITGB3|CACNG7|NTSR1|CARMIL1|HGS|KCNJ2|CACNA1C|SCN3A|CD302|MST1R|RIN1|STON1|PRKN|MARCHF3|RALA|TGM2|ELMO1|TRPV2|CD22|DNER|GFAP|LRRTM2|DLL1|OCIAD2|NLGN3|SLC29A1|SNX10|SLC38A3|RHOQ|GRIA1|SLC1A3|CACNA1G|GPM6B|SLC38A5|SLC6A1|SLC6A11|SLC7A3|ACSL5|ENPP2|GSG1L|C2|KCNJ16|NLGN4X|C3|KCNJ6|NLGN4Y|C4B|EHD1|IRS2|MFGE8|BIN1|RABEP2|COLEC12|CXCL16|HIP1|CYBA|DMBT1|FCGR2B|CACNG8|ITGAM|RHOJ|ACE2|KCNJ8|ADORA1|EFNB2|SFRP4|CACNG4|SCNN1B","https://www.gsea-msigdb.org/gsea/msigdb/human/geneset/GOBP_IMPORT_INTO_CELL","85","ENR","GOBP_IMPORT_INTO_CELL","2.041","0.0","GOBP_IMPORT_INTO_CELL","false","GOBP_IMPORT_INTO_CELL"
"2","1.0","0.3106","0.0104","0.234","COL26A1|COL11A1|COL23A1|ITGB3|COL22A1|LAMC2|PDGFA|COL4A1|FBN3|BMP7|COL4A5|COL5A2|MMP2|BCAN|NCAM1|COL5A1|SDC2|ELN|SDC3|CAPN14|CAPN15|ADAMTS9|FBLN5|ITGA9|MMP16|COL3A1|PLEC|TNN|TNR|FMOD|COL4A2|LAMA2|TGFB2|A2M|COL17A1|ITGA11|ADAM8|ADAMTS4|HAPLN1|MATN3|COL16A1|LAMA3|EMILIN1|COL28A1|COL5A3|ITGAM|PLG|VCAN|COL2A1|JAM3|LOXL3","https://www.gsea-msigdb.org/gsea/msigdb/human/geneset/REACTOME_EXTRACELLULAR_MATRIX_ORGANIZATION","51","ENR","REACTOME_EXTRACELLULAR_MATRIX_ORGANIZATION","2.2712","0.0","REACTOME_EXTRACELLULAR_MATRIX_ORGANIZATION","false","REACTOME_EXTRACELLULAR_MATRIX_ORGANIZATION"
"3","1.0","0.473","0.0","0.0","ALDH5A1|GRIK3|BCHE|GRIK1|GRIK5|NLGN1|GABBR2|SYT1|UNC13B|IL1RAPL2|LRRTM3|NTRK3|KCNJ2|LRRTM4|PLCB3|TUBA1A|NCALD|TUBB2B|LRRTM2|KCND2|ACTN2|NLGN3|ADCY2|GNG2|RPS6KA2|DLGAP1|GRIA1|SLC1A3|CHRNA1|SLC6A1|SLC6A11|KCNH5|TSPOAP1|GLUL|ERBB4|KCNJ16|NLGN4X|KCNJ6|NLGN4Y|GLRA2|LRRC4B|GRIN2B|GRIA3|GABRQ|PPFIBP2|CACNG8|KCNC1|PPM1E|GRIA2|KCNJ8|KCND3|TSPAN7|CAMK4|GRIA4|ADCY5|GNG7|KCNA2|KCNN4|KCNMB4|CACNG4|ABAT","https://www.gsea-msigdb.org/gsea/msigdb/human/geneset/REACTOME_NEURONAL_SYSTEM","61","ENR","REACTOME_NEURONAL_SYSTEM","3.6715","0.0","REACTOME_NEURONAL_SYSTEM","false","REACTOME_NEURONAL_SYSTEM"
"6","1.0","0.5306","0.0","0.0","GPR137B|A2M|SLC4A4|PCDH8|ID4|EPHA4|KCNJ16|ZNF423|PDE7B|GTF2A1L|PNMA8A|CA2|SPAG16|PDE4B|STON1|SELENOP|PCP4|PPARGC1A|LMO3|C1ORF54|TMEM176B|METTL7A|OLFM4|PEG3|EYA4|CYTL1","https://www.gsea-msigdb.org/gsea/msigdb/human/geneset/BMI1_DN_MEL18_DN.V1_DN","26","ENR","BMI1_DN_MEL18_DN.V1_DN","2.9057","0.0","BMI1_DN_MEL18_DN.V1_DN","false","BMI1_DN_MEL18_DN.V1_DN"
"3","0.9973","0.2166","0.0486","0.931","SRI|CCL2|GRIK1|CX3CL1|CXCL10|SLC18A1|CEMIP|ABCC2|CACNG7|CACNA1C|JPH4|PLCB3|PLP2|RYR3|ATP8B1|ATP2B2|NLGN3|GRIA1|KCNH5|AQP1|GP1BB|UNC80|BIN1|GRIN2B|CYBA|TRPM3|GPER1|CACNG8|EDNRB|KCNC1|KCNJ8|KCND3|SLC40A1|SLC47A2|TMEM163|KCNN4|CACNG4|ORAI3|SCNN1B|GRIK3|PLP1|SLC15A2|SNCA|P2RX6|WNK4|GRIK5|PTPN3|SLC4A4|ADRB2|ANXA9|ITGB3|NTSR1|FXYD6|KCNJ2|LIME1|SCN3A|FXYD5|ATP6V1B1|CRBN|CATSPER1|TRPV2|ATP2A1|ITPR3|DPP6|GPM6A|KCND2|ACTN2|TTYH1|SLC1A3|STAC|SLC25A18|TCIRG1|CACNA1G|KCNIP1|SLC25A22|TMEM37|CHRNA1|SLC38A5|SCN4B|SLC6A1|SLC6A11|ADCYAP1R1|NIPSNAP2|KCNJ16|KCNJ6|GLRA2|PDE4B|GRIA3|GABRQ|PIEZO2|ANTKMT|GRIA2|PLCH2|STEAP1|GRIA4|KCNA2|KCNMB4|ORAI1","https://www.gsea-msigdb.org/gsea/msigdb/human/geneset/GOBP_MONOATOMIC_ION_TRANSMEMBRANE_TRANSPORT","98","ENR","GOBP_MONOATOMIC_ION_TRANSMEMBRANE_TRANSPORT","1.938","0.0027","GOBP_MONOATOMIC_ION_TRANSMEMBRANE_TRANSPORT","false","GOBP_MONOATOMIC_ION_TRANSMEMBRANE_TRANSPORT"
"6","1.0","0.4024","0.0016","0.028","BAG3|GPR137B|B3GAT1|A2M|PLEKHA4|PCDH8|EPHA3|ID4|EBF2|KCNJ16|MPPED2|PTER|PDE7B|GTF2A1L|MAF|PNMA8A|CA2|PDE4B|STON1|TRAPPC6A|CRABP1|SELENOP|PCP4|JUP|PPARGC1A|BAALC|C1ORF54|TMEM176B|NDRG2|MVP|CRIP1|GNG7|OLFM4|PEG3|EYA4","https://www.gsea-msigdb.org/gsea/msigdb/human/geneset/MEL18_DN.V1_DN","35","ENR","MEL18_DN.V1_DN","2.4893","0.0","MEL18_DN.V1_DN","false","MEL18_DN.V1_DN"
"1","0.9977","0.5242","0.0153","0.356","FOXG1|CXCR4|ROBO2|NRCAM|SEMA5A|EFNB3|EPHA3|EPHB3|GAP43|EPHA4|ROBO3|CNR1|TNN|MEGF8|OPCML","https://www.gsea-msigdb.org/gsea/msigdb/human/geneset/GOBP_NEURON_RECOGNITION","15","ENR","GOBP_NEURON_RECOGNITION","2.2028","0.0023","GOBP_NEURON_RECOGNITION","false","GOBP_NEURON_RECOGNITION"
"1","1.0","0.2465","5.0E-4","0.003","CCL2|FRY|KLF15|CDHR1|CX3CL1|CXCR4|RP1|IL15RA|CACNG7|DPYSL5|HPRT1|IL33|RUFY3|INHBA|MEGF8|ZHX2|CPNE5|ATP8B1|PRKN|ALKAL2|LPAR3|DNER|GFAP|LIF|ATL1|PLEC|NOVA2|TNN|NLGN3|APCDD1|FOXA1|FAIM2|GPM6B|SOX11|TGFB2|ASTN1|CDH11|CTNND2|HAPLN1|NLGN4X|C3|BIN1|SERPINE2|DMRTA2|GPER1|KIF5A|KIF5C|NAV3|NRCAM|NRROS|ROBO3|ADGRL3|SIRT2|BCHE|FEZ1|FAT3|TENM4|DAAM2|EPHA3|NRP2|UNC5D|ABI2|GLI2|CYFIP2|OLIG1|GAP43|GPR37|ZNF521|NEO1|NFASC|RTN4RL2|TNR|S100B|SLC1A3|BOC|CHODL|ROBO2|SEMA3F|SEMA5A|AREG|SEMA6A|BTG2|CCND1|EFNA1|HOXC10|EHD1|CDH2|HES1|CDH4|MARCKS|SDK2|KIF26A|BMPR2|CDKN2B|FLRT3|PCP4|VCAN|OLFM1|SOX4|BRINP2|FZD3|ID4|NTRK3|RTN1|PROX1|TENM1|CTF1|MMP2|BCAN|NCAM1|PTPRZ1|SDC2|TUBA1A|TUBB2B|HDAC6|ATP2B2|NR2E3|COL3A1|DLL1|DTX1|POU3F2|TMEM98|LEF1|PAX6|POSTN|NDRG4|ASCL1|DCC|LAMA2|TUBGCP2|ACSL6|TPRN|ELAVL4|EPHA4|OPCML|UGT8|EDNRB|DISC1|NKD1|CNR1|GPRC5B|KIFAP3|EN1|NDP|PLP1|PRKCZ|PTN|SMO|DVL1|NLGN1|PLXNA4|SYT1|FARP1|SOX5|SOX6|ARHGAP4|AUTS2|BMP7|TCF4|EFNA2|DCLK1|FOXG1|SHTN1|ANOS1|TGM2|TRPV2|MAP2|ALK|STMN4|EPHA5|FGFR2|GPM6A|CDK6|CDKL5|EPHA6|EPHB3|ERBB4|FGF5|ITPKA|RND1|MARK1|RAP2A|PLEKHG4|TNIK|DCHS1|SOX8|ULK2|CDH23|HEY1|EFNB2|EFNB3|SALL1|IRX3|NOTCH3|OLIG2|TENM2","https://www.gsea-msigdb.org/gsea/msigdb/human/geneset/GOBP_NEUROGENESIS","196","ENR","GOBP_NEUROGENESIS","2.7058","0.0","GOBP_NEUROGENESIS","false","GOBP_NEUROGENESIS"
"1","1.0","0.2496","0.0014","0.024","CCL2|FRY|CDHR1|ARHGEF26|CXCR4|FGD4|FZD3|CACNG7|DPYSL5|HPRT1|LRATD1|PROX1|RUFY3|MEGF8|COCH|CPNE5|PRKN|FMNL1|NCAM1|PTPRZ1|SDC2|TUBA1A|TUBB2B|HDAC6|LPAR3|LIF|ATL1|PLEC|POU3F2|ZNF135|NOVA2|LEF1|TNN|NLGN3|PAX6|AR|POSTN|RHOQ|MAEL|BAMBI|SIPA1|DCC|LAMA2|TGFB2|CDH11|CTNND2|TPRN|ADAM8|ELAVL4|EPHA4|UGT8|KIF5A|DISC1|KIF5C|NRCAM|ROBO3|NDP|PRKCZ|PTN|PALM|SMO|FEZ1|DVL1|FAT3|NLGN1|PLXNA4|SYT1|EPHA3|FARP1|NBEAL2|NRP2|UNC5D|ABI2|ARHGAP4|GLI2|STRIP2|AUTS2|BMP7|EFNA2|DCLK1|FOXG1|NES|SHTN1|ANOS1|CYFIP2|TRPV2|MAP2|EPHA5|CLDN3|GAP43|FGFR2|GPM6A|NEO1|NFASC|TNR|S100B|SLC1A3|BOC|HOXA13|CDKL5|CHODL|ROBO2|SEMA3F|ENPP2|SEMA5A|EPHA6|SEMA6A|EPHB3|EFNA1|ITPKA|CDH2|HES1|CDH4|CDH6|DNMBP|RAP2A|PLEKHG4|BMPR2|RHOJ|FLRT3|TNIK|ULK2|CDH23|PDPN|FAT1|CDHR3|EFNB2|EFNB3|OLFM1|NOTCH3|MYH10","https://www.gsea-msigdb.org/gsea/msigdb/human/geneset/GOBP_CELL_MORPHOGENESIS","131","ENR","GOBP_CELL_MORPHOGENESIS","2.5001","0.0","GOBP_CELL_MORPHOGENESIS","false","GOBP_CELL_MORPHOGENESIS"
"1","1.0","0.3971","0.0105","0.243","ADGRL3|ASCL1|CX3CL1|FAT3|DCC|TUBGCP2|ASTN1|CXCR4|CDKL5|FZD3|SEMA6A|NRP2|UNC5D|AUTS2|MARK1|DCLK1|KIF26A|FOXG1|SHTN1|DISC1|TUBA1A|TUBB2B|DNER|NRCAM|COL3A1|GPM6A|NEO1|TNN|PAX6","https://www.gsea-msigdb.org/gsea/msigdb/human/geneset/GOBP_NEURON_MIGRATION","29","ENR","GOBP_NEURON_MIGRATION","2.2661","0.0","GOBP_NEURON_MIGRATION","false","GOBP_NEURON_MIGRATION"
"7","0.9952","0.3235","0.0392","0.842","S100B|GRIA1|NDRG4|PRKCZ|BCHE|PTN|PPP1R1B|SLC6A1|B3GAT1|FOSL1|TANC1|BTG2|ELAVL4|NTSR1|NLGN4X|NLGN4Y|GTF2A1L|GRIN2B|NEDD9|HLA-DRA|JPH4|PRKN|CLSTN2|PTPRZ1|TUBA1A|ADORA1|SOBP|ITPR3|CAMK4|GPR155|ATXN1|CNR1|GPR158|NLGN3|PAX6|EN1|TNR","https://www.gsea-msigdb.org/gsea/msigdb/human/geneset/GOBP_COGNITION","37","ENR","GOBP_COGNITION","2.0011","0.0048","GOBP_COGNITION","false","GOBP_COGNITION"
"1","1.0","0.1802","0.0609","0.979","CCR1|CD4|CX3CL1|CXCL10|SNAI2|SOX4|CXCR4|HLA-DRB1|FOXO3|FZD3|EGF|ID4|IL15RA|FGF1|DPYSL5|HGS|IL1A|LRRTM3|IL33|SYNDIG1|IL4R|PROX1|RUFY3|TCIM|TYMP|INHBA|MEGF8|IRF7|HLA-DRA|INPP5D|PPARG|BCAN|PTPN13|SOCS1|PTPRZ1|HDAC6|LPAR3|GFAP|LIF|LRRTM2|DLL1|DTX1|TMEM98|LEF1|TNN|NLGN3|PAX6|ETS1|ASCL1|HOXA5|GPM6B|COL4A2|SOX11|DCC|GFI1B|LAMA2|TGFB2|ADAM8|AQP1|GLUL|EPHA4|HAPLN1|C3|CD40|LRRC4B|BIN1|EMILIN1|SERPINE2|FCGR2B|HOXA7|DMRTA2|FGL2|TMEM100|ANGPTL4|GPER1|CLSTN2|DISC1|MMRN2|CAMK4|TAPT1|CCN4|TMEM176B|CD101|EGLN1|MTURN|HLA-DOA|SFRP4|KIFAP3|LOXL3|SIRT2|PRKCZ|PTN|SMO|GPR137B|NLGN1|TENM4|DAAM2|PLXNA4|ADRB2|ITGB3|SOX5|MAF|SOX6|ARHGAP4|GLI2|BMP7|CHI3L1|FOXG1|SHTN1|TGM2|TRPV2|ZFPM2|MAP2|SHB|JUP|ADAMTS9|FGFR2|LRRN1|BMPER|LRRN3|TNR|ACVR2A|TNFAIP6|CDK6|CDKL5|CHODL|MSX2|ROBO2|ENG|SEMA3F|SEMA5A|SEMA6A|BTG2|EPHB3|CCND1|ERBB4|EFNA1|ITPKA|AMOT|HES1|CDH4|NEDD9|LAMA3|PHLDA2|TNFSF9|RASSF2|BMPR2|CDKN2B|RHOJ|FLRT3|SOX8|ULK2|XDH|TG|HEY1|NKX3-2|EFNB3|VCAN|ARID1A|OLIG2","https://www.gsea-msigdb.org/gsea/msigdb/human/geneset/GOBP_REGULATION_OF_MULTICELLULAR_ORGANISMAL_DEVELOPMENT","160","ENR","GOBP_REGULATION_OF_MULTICELLULAR_ORGANISMAL_DEVELOPMENT","1.8806","0.0","GOBP_REGULATION_OF_MULTICELLULAR_ORGANISMAL_DEVELOPMENT","false","GOBP_REGULATION_OF_MULTICELLULAR_ORGANISMAL_DEVELOPMENT"
"1","0.9978","0.4584","0.0075","0.141","FOXG1|ATP8B3|CXCR4|ROBO2|NRCAM|SEMA5A|EFNB3|EPHA3|EPHB3|GAP43|EPHA4|VCAN|ROBO3|C4B|CNR1|CADM1|TNN|MEGF8|COLEC12|OPCML|NEDD9","https://www.gsea-msigdb.org/gsea/msigdb/human/geneset/GOBP_CELL_RECOGNITION","21","ENR","GOBP_CELL_RECOGNITION","2.329","0.0022","GOBP_CELL_RECOGNITION","false","GOBP_CELL_RECOGNITION"
,"-1.0","-0.2834","0.0511","0.221","SIRT2|BIRC3|SLC15A2|CCL2|SNCA|SRMS|SRPK2|CD4|TAX1BP1|TLR6|CX3CL1|TNIP1|CXCL1|TNIP3|CXCL10|TRIL|CXCL3|TRIM22|CXCL6|TRIM59|TRIM8|EREG|ULBP1|FOSL1|ZDHHC12|ZNRF1|IFNE|IL17RA|IL33|IL4R|IL6R|IRAK1|IRF7|MST1R|PPARG|TRAF2|TXK|ISG20|SLFN13|A2M|ADAM8|AQP1|ATAD3A|C1R|C1S|C2|C3|C4B|CADM1|CCDC88B|CD40|CFD|CGAS|CLDN1|COLEC12|CXCL16|CYBA|DMBT1|DTX4|EMILIN1|FAM3A|FCGR2B|FGL2|GPER1|HLA-DPA1|IKBKG|INAVA|ITGAM|KCNJ8|KLRC3|KYNU|LACC1|MASP1|MLKL|MMRN2|NDUFAF4|NFKB2|NLRC3|NRROS|PLAC8|PMAIP1|PPP1R14B|PTPN22|REG1A|RNF135|RNF166|RNF213|SCNN1B|SHC1","https://www.gsea-msigdb.org/gsea/msigdb/human/geneset/GOBP_DEFENSE_RESPONSE_TO_OTHER_ORGANISM","89","ENR","GOBP_DEFENSE_RESPONSE_TO_OTHER_ORGANISM","-2.3092","0.0","GOBP_DEFENSE_RESPONSE_TO_OTHER_ORGANISM","false","GOBP_DEFENSE_RESPONSE_TO_OTHER_ORGANISM"
,"-1.0","-0.348","0.0684","0.494","BIRC3|CCL2|CCRL2|TNFAIP6|TNIP1|CXCL1|CXCL10|CXCL3|CXCL6|SPSB1|FOSL1|AREG|BTG2|IL15RA|CCND1|DUSP5|EFNA1|IL1A|EHD1|FOSB|FUT4|G0S2|HES1|INHBA|IRS2|LITAF|MARCKS|PDE4B|PHLDA2|SERPINB2|SERPINB8|SIK1|SNN|SQSTM1|TNFAIP2|TNFSF9|KYNU|LIF|MAP2K3|NFKB2|PLAU|PLAUR","https://www.gsea-msigdb.org/gsea/msigdb/human/geneset/HALLMARK_TNFA_SIGNALING_VIA_NFKB","42","ENR","HALLMARK_TNFA_SIGNALING_VIA_NFKB","-2.1821","0.0","HALLMARK_TNFA_SIGNALING_VIA_NFKB","false","HALLMARK_TNFA_SIGNALING_VIA_NFKB"
"2","1.0","0.5451","0.0041","0.074","COL4A5|COL5A2|COL5A1|COL28A1|COL26A1|COL4A2|COL5A3|COL11A1|COL17A1|COL23A1|COL22A1|COL3A1|COL2A1|COL4A1|COL16A1","https://www.gsea-msigdb.org/gsea/msigdb/human/geneset/REACTOME_COLLAGEN_CHAIN_TRIMERIZATION","15","ENR","REACTOME_COLLAGEN_CHAIN_TRIMERIZATION","2.4055","0.0","REACTOME_COLLAGEN_CHAIN_TRIMERIZATION","false","REACTOME_COLLAGEN_CHAIN_TRIMERIZATION"
"1","0.9952","0.2697","0.047","0.912","PTN|SMO|CX3CL1|NLGN1|TENM4|PLXNA4|CXCR4|FZD3|ID4|LRRTM3|IL33|SYNDIG1|RUFY3|MEGF8|FOXG1|BCAN|SHTN1|PTPRZ1|TGM2|TRPV2|HDAC6|LPAR3|GFAP|LIF|LRRTM2|LRRN1|NLGN3|PAX6|LRRN3|ASCL1|SOX11|CDKL5|CHODL|ROBO2|SEMA5A|EPHB3|EPHA4|HAPLN1|ITPKA|HES1|LRRC4B|CDH4|BIN1|SERPINE2|DMRTA2|GPER1|CLSTN2|BMPR2|DISC1|FLRT3|SOX8|VCAN|OLIG2","https://www.gsea-msigdb.org/gsea/msigdb/human/geneset/GOBP_POSITIVE_REGULATION_OF_NERVOUS_SYSTEM_DEVELOPMENT","53","ENR","GOBP_POSITIVE_REGULATION_OF_NERVOUS_SYSTEM_DEVELOPMENT","1.9533","0.0048","GOBP_POSITIVE_REGULATION_OF_NERVOUS_SYSTEM_DEVELOPMENT","false","GOBP_POSITIVE_REGULATION_OF_NERVOUS_SYSTEM_DEVELOPMENT"
"1","1.0","0.272","0.0","0.0","FRY|CDHR1|CX3CL1|SOX4|CXCR4|RP1|BRINP2|FZD3|ID4|IL15RA|CACNG7|DPYSL5|HPRT1|NTRK3|RTN1|PROX1|RUFY3|INHBA|MEGF8|TENM1|ZHX2|CTF1|CPNE5|ATP8B1|MMP2|PRKN|BCAN|NCAM1|PTPRZ1|SDC2|TUBA1A|TUBB2B|ALKAL2|HDAC6|LPAR3|ATP2B2|DNER|GFAP|NR2E3|LIF|ATL1|COL3A1|DLL1|DTX1|POU3F2|NOVA2|LEF1|TNN|NLGN3|PAX6|POSTN|FOXA1|FAIM2|NDRG4|ASCL1|GPM6B|SOX11|DCC|LAMA2|TGFB2|TUBGCP2|ASTN1|ACSL6|CDH11|CTNND2|TPRN|ELAVL4|EPHA4|HAPLN1|NLGN4X|C3|BIN1|OPCML|DMRTA2|UGT8|EDNRB|KIF5A|DISC1|KIF5C|NKD1|NRCAM|ROBO3|CNR1|GPRC5B|KIFAP3|EN1|ADGRL3|NDP|PLP1|PRKCZ|BCHE|PTN|SMO|FEZ1|DVL1|FAT3|NLGN1|TENM4|PLXNA4|SYT1|EPHA3|FARP1|NRP2|UNC5D|SOX5|ABI2|ARHGAP4|GLI2|AUTS2|BMP7|TCF4|EFNA2|DCLK1|FOXG1|SHTN1|ANOS1|CYFIP2|TRPV2|MAP2|ALK|STMN4|EPHA5|OLIG1|GAP43|FGFR2|GPM6A|GPR37|ZNF521|NEO1|NFASC|RTN4RL2|TNR|S100B|SLC1A3|BOC|CDK6|CDKL5|CHODL|ROBO2|SEMA3F|SEMA5A|AREG|EPHA6|SEMA6A|BTG2|EPHB3|CCND1|ERBB4|EFNA1|HOXC10|EHD1|ITPKA|CDH2|HES1|CDH4|RND1|MARK1|SDK2|KIF26A|RAP2A|PLEKHG4|BMPR2|FLRT3|PCP4|TNIK|SOX8|ULK2|CDH23|HEY1|EFNB2|EFNB3|SALL1|IRX3|VCAN|OLFM1|NOTCH3|OLIG2|TENM2","https://www.gsea-msigdb.org/gsea/msigdb/human/geneset/GOBP_GENERATION_OF_NEURONS","178","ENR","GOBP_GENERATION_OF_NEURONS","2.9723","0.0","GOBP_GENERATION_OF_NEURONS","false","GOBP_GENERATION_OF_NEURONS"
,"-1.0","-0.5176","0.071","0.463","PRKN|SOCS1|TLR6|FBXL15|IKBKG|FBXL5|FBXO27|FBXW5|KLHL9|SPSB1|TRAF7|TRIM36|ZNRF1|UNKL|RNF213|CYBA","https://www.gsea-msigdb.org/gsea/msigdb/human/geneset/REACTOME_CLASS_I_MHC_MEDIATED_ANTIGEN_PROCESSING_PRESENTATION","16","ENR","REACTOME_CLASS_I_MHC_MEDIATED_ANTIGEN_PROCESSING_PRESENTATION","-2.1933","0.0","REACTOME_CLASS_I_MHC_MEDIATED_ANTIGEN_PROCESSING_PRESENTATION","false","REACTOME_CLASS_I_MHC_MEDIATED_ANTIGEN_PROCESSING_PRESENTATION"
"8","1.0","0.2754","0.0213","0.509","FOXN3|HOXD13|CSGALNACT1|SNAI2|COL11A1|SOX5|MAF|MEGF8|SOX6|GLI2|SULF2|CER1|BMP7|CHI3L1|COL5A2|MMP2|HOXB2|BCAN|TGM2|HOXC4|ALPL|FGFR2|MMP16|COL3A1|HAS2|TNN|SNX10|CYTL1|GPLD1|PDGFRA|HOXD12|HOXA5|ACVR2A|SOX11|TGFB2|HOXA13|CDH11|MSX2|ENG|ADAMTS4|ARSL|HAPLN1|HOXC10|MATN3|PCSK5|PAPSS2|HOXA7|RASSF2|BMPR2|TBX4|DCHS1|NKX3-2|TAPT1|CCN4|VCAN|ALX1|COL2A1|SFRP4|TBX15|EN1","https://www.gsea-msigdb.org/gsea/msigdb/human/geneset/GOBP_SKELETAL_SYSTEM_DEVELOPMENT","60","ENR","GOBP_SKELETAL_SYSTEM_DEVELOPMENT","2.1393","0.0","GOBP_SKELETAL_SYSTEM_DEVELOPMENT","false","GOBP_SKELETAL_SYSTEM_DEVELOPMENT"
"1","1.0","0.3408","6.0E-4","0.008","NDP|DVL1|FAT3|MEGF11|COL11A1|RP1|FZD3|COL4A1|PROX1|ABI2|INHBA|MAF|ZHX2|CACNA1C|BMP7|ATP6V1B1|ATP8B1|COL5A2|FOXG1|NES|COL5A1|ATP2B2|NR2E3|OLIG1|FGFR2|DLL1|GPM6A|LEF1|PAX6|BMPER|CYTL1|ZIC1|PDGFRA|MEIS3|RPE65|CRYAB|ASCL1|TCIRG1|SOX11|BCAR3|TGFB2|HOXA13|TPRN|AQP1|EPHA4|CHRDL1|HES1|SDK2|FREM2|BMPR2|MAB21L1|RHOJ|DCHS1|SOBP|NKD1|SOX8|CDH23|TFAP2B|FAT1|NKX3-2|COL2A1|OLIG2|EYA4","https://www.gsea-msigdb.org/gsea/msigdb/human/geneset/GOBP_SENSORY_ORGAN_DEVELOPMENT","63","ENR","GOBP_SENSORY_ORGAN_DEVELOPMENT","2.6135","0.0","GOBP_SENSORY_ORGAN_DEVELOPMENT","false","GOBP_SENSORY_ORGAN_DEVELOPMENT"
"1","1.0","0.4536","0.0143","0.329","SIRT2|FOXG1|PTN|ASCL1|SMO|BCAN|DMRTA2|NES|CX3CL1|PTPRZ1|DISC1|FZD3|BTG2|EGF|ID4|HAPLN1|VCAN|PROX1|CDH2|PAX6|KIFAP3","https://www.gsea-msigdb.org/gsea/msigdb/human/geneset/GOBP_REGULATION_OF_NEURAL_PRECURSOR_CELL_PROLIFERATION","21","ENR","GOBP_REGULATION_OF_NEURAL_PRECURSOR_CELL_PROLIFERATION","2.2185","0.0","GOBP_REGULATION_OF_NEURAL_PRECURSOR_CELL_PROLIFERATION","false","GOBP_REGULATION_OF_NEURAL_PRECURSOR_CELL_PROLIFERATION"
"4","1.0","0.2927","0.043","0.877","NDP|HMGXB4|IGFBP2|KLF15|SHISA6|BAMBI|DVL1|ARHGEF19|DAAM2|SNAI2|SOX4|CTNND2|PLEKHA4|FZD3|VANGL2|SEMA5A|EGF|CCND1|CDH2|SULF2|CER1|MARK1|GRB10|CRBN|PRKN|GPC4|EDNRB|DISC1|TNIK|ANKRD6|NKD1|JUP|SALL1|CCN4|FGFR2|NDRG2|GPRC5B|LEF1|TNN|EMD|SFRP4|LZTS2|RNF213|AMER2|APCDD1","https://www.gsea-msigdb.org/gsea/msigdb/human/geneset/GOBP_CELL_CELL_SIGNALING_BY_WNT","45","ENR","GOBP_CELL_CELL_SIGNALING_BY_WNT","1.9786","0.0","GOBP_CELL_CELL_SIGNALING_BY_WNT","false","GOBP_CELL_CELL_SIGNALING_BY_WNT"
"1","1.0","0.2474","4.0E-4","0.004","FRY|CX3CL1|ARHGEF26|CXCR4|RP1|FGD4|TANC1|FZD3|IL15RA|CACNG7|CARMIL1|DPYSL5|HPRT1|NTRK3|PDGFA|RUFY3|MEGF8|TENM1|DZIP1|CPNE5|STON1|ATP8B1|MMP2|PRKN|NCAM1|PFN1|PTPRZ1|AIF1L|RALA|SDC2|ARMC2|TUBA1A|TUBB2B|ALKAL2|HDAC6|LPAR3|GFAP|ATL1|POU3F2|NOVA2|TNN|NLGN3|PAX6|POSTN|SNX10|CEP131|MSTN|RHOQ|NDRG4|PRICKLE3|GPM6B|DCC|LAMA2|CDH11|CTNND2|TPRN|VANGL2|ELAVL4|EPHA4|PODXL|CFAP46|DNAL1|TACSTD2|NUDCD3|RABEP2|GRIN2B|SPAG16|SPATA6|TEKT2|FCGR2B|UGT8|DNAH9|ABCD1|KIF5A|DISC1|KIF5C|RILP|NRCAM|TAPT1|ROBO3|CNR1|KIFAP3|NDP|PLP1|PRKCZ|PTN|PALM|SMO|FEZ1|DVL1|FAT3|DOCK11|NLGN1|DAAM2|PLXNA4|SYT1|EPHA3|FARP1|NRP2|UNC5D|ABI2|ARHGAP4|GLI2|AUTS2|BMP7|EFNA2|FXYD5|DCLK1|FOXG1|DAW1|NES|SHTN1|ANOS1|CYFIP2|TRPV2|CCDC39|MAP2|ALK|ODAD2|STMN4|EPHA5|NME5|OLIG1|GAP43|FGFR2|GPM6A|GPR37|NEO1|NFASC|ACTN2|TTYH1|RTN4RL2|CAPG|ABLIM1|TNR|EPS8L2|S100B|TCIRG1|BOC|CDKL5|CHODL|ROBO2|SEMA3F|ENPP2|SEMA5A|AREG|EPHA6|SEMA6A|BTG2|EPHB3|EFNA1|EHD1|ITPKA|CDH2|HES1|CDH4|MARK1|NEDD9|DNMBP|KIF26A|RAP2A|PLEKHG4|BMPR2|FLRT3|SPATA13|TNIK|ULK2|CDH23|PDPN|EFNB2|EFNB3|OLFM1|CEP250|NOTCH3|OLIG2|TENM2","https://www.gsea-msigdb.org/gsea/msigdb/human/geneset/GOBP_CELL_PROJECTION_ORGANIZATION","176","ENR","GOBP_CELL_PROJECTION_ORGANIZATION","2.663","0.0","GOBP_CELL_PROJECTION_ORGANIZATION","false","GOBP_CELL_PROJECTION_ORGANIZATION"
"3","1.0","0.462","0.0","0.0","ALDH5A1|GRIK3|GRIA1|BCHE|SLC1A3|GRIK1|CHRNA1|GRIK5|SLC6A1|GABBR2|SLC6A11|SYT1|TSPOAP1|UNC13B|GLUL|ERBB4|KCNJ16|KCNJ6|KCNJ2|GLRA2|GRIN2B|GRIA3|GABRQ|PLCB3|CACNG8|PPM1E|GRIA2|TUBA1A|NCALD|TUBB2B|TSPAN7|CAMK4|GRIA4|ADCY5|GNG7|ACTN2|ADCY2|CACNG4|GNG2|ABAT|RPS6KA2","https://www.gsea-msigdb.org/gsea/msigdb/human/geneset/REACTOME_TRANSMISSION_ACROSS_CHEMICAL_SYNAPSES","41","ENR","REACTOME_TRANSMISSION_ACROSS_CHEMICAL_SYNAPSES","2.9903","0.0","REACTOME_TRANSMISSION_ACROSS_CHEMICAL_SYNAPSES","false","REACTOME_TRANSMISSION_ACROSS_CHEMICAL_SYNAPSES"
"2","0.9967","0.1587","0.0754","0.996","CCL2|CCR1|CD4|CDHR1|CX3CL1|COL26A1|CXCR4|FOXO3|CARMIL1|IL1A|IL4R|IRAK1|KRT18|STON1|BAIAP2L1|SOCS1|ITGA9|LIF|ILDR2|TNN|NLGN3|ETS1|FOXA1|GPM6B|PXN|TGFB2|ASTN1|AZGP1|CDH11|CTNND2|COL17A1|ADAM8|DSC2|GP1BB|LRRC4|HAPLN1|NLGN4X|MSLN|NLGN4Y|CADM1|PODXL|CCDC88B|LRRC4B|TACSTD2|CLDN1|MBP|EMILIN1|SERPINE2|FCGR2B|FGL2|CLSTN2|HLA-DPA1|ITGAM|NRCAM|MMRN2|IGDCC3|ROBO3|PTPN22|SHC1|ADGRL3|FEZ1|FAT3|TNIP1|MEGF11|TENM4|EPHA3|LAMC2|NRP2|UNC5D|GLI2|PODXL2|FXYD5|PCDHA11|PCDHA12|PCDHA13|PCDHA8|PCDHB5|CYFIP2|PCDHB9|PCDHGA11|PCDHGA4|PCDHGB3|PCDHGB4|CD22|PCDHGB5|SHB|JUP|CORO2B|FBLN5|NEO1|NFASC|OLFM4|PLAU|PLAUR|TNR|EPDR1|S100B|TNFAIP6|ECM2|VIT|BOC|ITGA11|ROBO2|SEMA5A|SEMA6A|ST6GAL1|EFNA1|IGDCC4|FUT4|CDH2|HES1|CDH4|CDH6|CLDN11|CLDN23|LAMA3|SDK2|SERPINB8|FREM2|GPC4|TNFSF9|COL28A1|COL5A3|FLRT3|PDPN|VCAN|ARID1A|PCDHB13|SPARCL1|CNTNAP5|MYH10|SUSD5|ARL2|MYBPC1|SNAI2|SOX4|HLA-DRB1|IGSF9B|CDKN2A|SPON1|TENM1|HLA-DPB1|IGSF11|HLA-DRA|HLA-DRB5|MMP2|BCAN|NCAM1|COL5A1|ADAM23|COL3A1|DLL1|DTX1|HAS2|LEF1|POSTN|IGFBP2|SIPA1|DCC|LAMA2|EPHA4|LSAMP|MFGE8|PKP3|OPCML|HOXA7|DISC1|CCN4|CD200|HLA-DMA|HLA-DMB|HLA-DOA|JAM3|KIFAP3|LOXL3|PAG1|LRFN5|PRKCZ|ARHGAP6|NLGN1|PLXNA4|ANXA9|ITGB3|HEPACAM|BMP7|DSC3|ANOS1|TGM2|ADAMTS9|CLDN3|ACTN2|TTYH1|DOCK5|PDGFRA|PCDHGA9|ADTRP|CADM4|CDK6|ENG|PCDH8|EPHB3|LIMCH1|RND1|COL16A1|NEDD9|DCHS1|CDH23|FAT1|CDHR3|EFNB2|EFNB3|PLG|TENM2|TRO","https://www.gsea-msigdb.org/gsea/msigdb/human/geneset/GOBP_CELL_ADHESION","214","ENR","GOBP_CELL_ADHESION","1.8161","0.0033","GOBP_CELL_ADHESION","false","GOBP_CELL_ADHESION"
"1","1.0","0.4005","0.0121","0.279","NDP|PTN|DVL1|FAT3|DCC|NLGN1|CDKL5|CTNND2|ELAVL4|EPHB3|EPHA4|FARP1|DPYSL5|EFNA1|HPRT1|ITPKA|ABI2|MARK1|BMP7|DCLK1|RAP2A|SDC2|DISC1|MAP2|TNIK|ALK|HDAC6|GPR37","https://www.gsea-msigdb.org/gsea/msigdb/human/geneset/GOBP_DENDRITE_DEVELOPMENT","28","ENR","GOBP_DENDRITE_DEVELOPMENT","2.2413","0.0","GOBP_DENDRITE_DEVELOPMENT","false","GOBP_DENDRITE_DEVELOPMENT"
"2","0.9977","0.4048","0.0372","0.803","COL4A5|COL5A2|BCAN|FMOD|NCAM1|COL5A1|COL4A2|COL5A3|LAMA2|TGFB2|ITGA9|ITGB3|COL3A1|HAPLN1|VCAN|COL2A1|COL4A1|TNN|MATN3|TNR|LAMA3","https://www.gsea-msigdb.org/gsea/msigdb/human/geneset/REACTOME_ECM_PROTEOGLYCANS","21","ENR","REACTOME_ECM_PROTEOGLYCANS","2.0137","0.0023","REACTOME_ECM_PROTEOGLYCANS","false","REACTOME_ECM_PROTEOGLYCANS"
,"-0.9981","-0.4323","0.0686","0.537","ISG20|SERPINB1|ANTKMT|DNASE1L1|CXCL1|BMPR2|CDKN2B|CXCL3|EHBP1L1|CCDC85B|FLRT3|GALNT6|MTAP|PDPN|ADAM8|PLCH2|PROCR|STEAP1|STN1|TIMP4|VCAN|MVP|INHBA|PLAU","https://www.gsea-msigdb.org/gsea/msigdb/human/geneset/KRAS.DF.V1_UP","24","ENR","KRAS.DF.V1_UP","-2.1648","0.0019","KRAS.DF.V1_UP","false","KRAS.DF.V1_UP"
"4","0.9976","0.4565","0.0213","0.535","CRBN|BAMBI|DAAM2|DISC1|SOX4|ANKRD6|NKD1|PLEKHA4|JUP|SEMA5A|EGF|SALL1|CCN4|FGFR2|GPRC5B|LEF1|SFRP4|SULF2","https://www.gsea-msigdb.org/gsea/msigdb/human/geneset/GOBP_POSITIVE_REGULATION_OF_WNT_SIGNALING_PATHWAY","18","ENR","GOBP_POSITIVE_REGULATION_OF_WNT_SIGNALING_PATHWAY","2.1293","0.0024","GOBP_POSITIVE_REGULATION_OF_WNT_SIGNALING_PATHWAY","false","GOBP_POSITIVE_REGULATION_OF_WNT_SIGNALING_PATHWAY"
"5","0.9978","0.4824","0.0231","0.592","PRKCZ|SHISA6|GPC4|CACNG8|NLGN1|KIF5A|KIF5C|ITGB3|LHFPL4|CACNG7|ERBB4|GPC6|CEP112|TAMALIN|CACNG4","https://www.gsea-msigdb.org/gsea/msigdb/human/geneset/GOBP_RECEPTOR_LOCALIZATION_TO_SYNAPSE","15","ENR","GOBP_RECEPTOR_LOCALIZATION_TO_SYNAPSE","2.1084","0.0022","GOBP_RECEPTOR_LOCALIZATION_TO_SYNAPSE","false","GOBP_RECEPTOR_LOCALIZATION_TO_SYNAPSE"
"3","1.0","0.459","5.0E-4","0.004","GRIK3|GRIA1|GRIK1|CHRNA1|GRIK5|GABBR2|ERBB4|KCNJ16|KCNJ6|KCNJ2|GLRA2|GRIN2B|GRIA3|GABRQ|PLCB3|CACNG8|PPM1E|GRIA2|TUBA1A|NCALD|TUBB2B|TSPAN7|CAMK4|GRIA4|ADCY5|GNG7|ACTN2|ADCY2|CACNG4|GNG2|RPS6KA2","https://www.gsea-msigdb.org/gsea/msigdb/human/geneset/REACTOME_NEUROTRANSMITTER_RECEPTORS_AND_POSTSYNAPTIC_SIGNAL_TRANSMISSION","31","ENR","REACTOME_NEUROTRANSMITTER_RECEPTORS_AND_POSTSYNAPTIC_SIGNAL_TRANSMISSION","2.6789","0.0","REACTOME_NEUROTRANSMITTER_RECEPTORS_AND_POSTSYNAPTIC_SIGNAL_TRANSMISSION","false","REACTOME_NEUROTRANSMITTER_RECEPTORS_AND_POSTSYNAPTIC_SIGNAL_TRANSMISSION"
,"-1.0","-0.5154","0.0668","0.339","CX3CL1|IKBKG|CDCP1|ADRB2|ANKRD33B|ATAD3A|EPHA3|F8A1|LAMC2|MYORG|PUS1|NBEAL2|NRP2|POLD4|IL4R|SNX21|ZNHIT2","https://www.gsea-msigdb.org/gsea/msigdb/human/geneset/GCNP_SHH_UP_LATE.V1_DN","17","ENR","GCNP_SHH_UP_LATE.V1_DN","-2.2455","0.0","GCNP_SHH_UP_LATE.V1_DN","false","GCNP_SHH_UP_LATE.V1_DN"
"1","0.9976","0.2758","0.0215","0.529","PTN|FEZ1|CX3CL1|DVL1|FAT3|NLGN1|PLXNA4|EPHA3|IL15RA|DPYSL5|NTRK3|RUFY3|ABI2|MEGF8|ARHGAP4|BMP7|SHTN1|SDC2|TRPV2|MAP2|ALK|TUBB2B|ALKAL2|HDAC6|LPAR3|GFAP|POU3F2|NEO1|NOVA2|TNN|PAX6|RTN4RL2|TNR|NDRG4|DCC|CDKL5|CHODL|ROBO2|SEMA3F|SEMA5A|SEMA6A|ELAVL4|EPHB3|EPHA4|EFNA1|EHD1|ITPKA|CDH2|HES1|CDH4|MARK1|KIF26A|RAP2A|BMPR2|DISC1|TNIK|ULK2|NRCAM|EFNB2|EFNB3|ROBO3|CNR1","https://www.gsea-msigdb.org/gsea/msigdb/human/geneset/GOBP_REGULATION_OF_NEURON_PROJECTION_DEVELOPMENT","62","ENR","GOBP_REGULATION_OF_NEURON_PROJECTION_DEVELOPMENT","2.1315","0.0024","GOBP_REGULATION_OF_NEURON_PROJECTION_DEVELOPMENT","false","GOBP_REGULATION_OF_NEURON_PROJECTION_DEVELOPMENT"
"1","1.0","0.2035","0.0716","0.995","CCR1|CD4|CX3CL1|SNAI2|SOX4|CXCR4|HLA-DRB1|FOXO3|FZD3|ID4|IL15RA|DPYSL5|IL1A|IL33|IL4R|PROX1|RUFY3|TCIM|INHBA|MEGF8|IRF7|HLA-DRA|INPP5D|BCAN|SOCS1|PTPRZ1|HDAC6|LPAR3|GFAP|LIF|DLL1|DTX1|TMEM98|LEF1|PAX6|ETS1|ASCL1|HOXA5|SOX11|DCC|GFI1B|ADAM8|EPHA4|HAPLN1|BIN1|SERPINE2|FCGR2B|HOXA7|DMRTA2|FGL2|GPER1|EDNRB|DISC1|CAMK4|TMEM176B|CD101|MTURN|HLA-DOA|KIFAP3|LOXL3|SIRT2|PRKCZ|PTN|SMO|GPR137B|TENM4|DAAM2|PLXNA4|ARHGAP4|GLI2|BMP7|FOXG1|SHTN1|TGM2|TRPV2|MAP2|SHB|TNR|ACVR2A|TNFAIP6|CDK6|CDKL5|CHODL|ROBO2|SEMA3F|SEMA5A|SEMA6A|BTG2|ITPKA|HES1|CDH4|NEDD9|TNFSF9|RASSF2|BMPR2|CDKN2B|SOX8|ULK2|HEY1|EFNB3|VCAN|ARID1A|OLIG2","https://www.gsea-msigdb.org/gsea/msigdb/human/geneset/GOBP_REGULATION_OF_CELL_DEVELOPMENT","103","ENR","GOBP_REGULATION_OF_CELL_DEVELOPMENT","1.8267","0.0","GOBP_REGULATION_OF_CELL_DEVELOPMENT","false","GOBP_REGULATION_OF_CELL_DEVELOPMENT"
"1","1.0","0.3009","2.0E-4","0.001","NDP|PRKCZ|PTN|SMO|FEZ1|DVL1|NLGN1|PLXNA4|CXCR4|SYT1|FZD3|EPHA3|CACNG7|FARP1|DPYSL5|HPRT1|NRP2|UNC5D|RUFY3|MEGF8|ABI2|ARHGAP4|GLI2|AUTS2|BMP7|CPNE5|EFNA2|DCLK1|PRKN|FOXG1|NCAM1|NES|SHTN1|ANOS1|CYFIP2|PTPRZ1|SDC2|TRPV2|TUBA1A|MAP2|TUBB2B|HDAC6|LPAR3|EPHA5|GAP43|ATL1|FGFR2|PLEC|GPM6A|POU3F2|NEO1|NOVA2|NFASC|TNN|NLGN3|PAX6|POSTN|TNR|S100B|DCC|LAMA2|BOC|CDH11|CTNND2|CDKL5|CHODL|ROBO2|SEMA3F|ENPP2|SEMA5A|EPHA6|SEMA6A|ELAVL4|EPHB3|EPHA4|EFNA1|ITPKA|CDH2|CDH4|UGT8|RAP2A|PLEKHG4|BMPR2|KIF5A|DISC1|KIF5C|FLRT3|TNIK|ULK2|PDPN|NRCAM|EFNB2|EFNB3|ROBO3|OLFM1|NOTCH3","https://www.gsea-msigdb.org/gsea/msigdb/human/geneset/GOBP_CELL_PART_MORPHOGENESIS","96","ENR","GOBP_CELL_PART_MORPHOGENESIS","2.7563","0.0","GOBP_CELL_PART_MORPHOGENESIS","false","GOBP_CELL_PART_MORPHOGENESIS"
"1","1.0","0.2611","0.0074","0.144","PTN|PALM|FEZ1|CX3CL1|DVL1|FAT3|DOCK11|NLGN1|DAAM2|PLXNA4|RP1|EPHA3|IL15RA|CARMIL1|DPYSL5|NTRK3|RUFY3|ABI2|MEGF8|TENM1|ARHGAP4|AUTS2|BMP7|DZIP1|ATP8B1|SHTN1|PFN1|RALA|SDC2|TRPV2|MAP2|ALK|TUBB2B|ALKAL2|HDAC6|LPAR3|GFAP|GAP43|GPM6A|POU3F2|NEO1|NOVA2|TNN|PAX6|RTN4RL2|TNR|MSTN|EPS8L2|RHOQ|NDRG4|DCC|CDKL5|CHODL|ROBO2|SEMA3F|ENPP2|SEMA5A|SEMA6A|ELAVL4|EPHB3|EPHA4|EFNA1|EHD1|PODXL|ITPKA|CDH2|HES1|TACSTD2|CDH4|RABEP2|GRIN2B|MARK1|NEDD9|KIF26A|FCGR2B|RAP2A|BMPR2|DISC1|TNIK|ULK2|PDPN|NRCAM|EFNB2|EFNB3|TAPT1|ROBO3|CNR1|TENM2","https://www.gsea-msigdb.org/gsea/msigdb/human/geneset/GOBP_REGULATION_OF_CELL_PROJECTION_ORGANIZATION","88","ENR","GOBP_REGULATION_OF_CELL_PROJECTION_ORGANIZATION","2.3265","0.0","GOBP_REGULATION_OF_CELL_PROJECTION_ORGANIZATION","false","GOBP_REGULATION_OF_CELL_PROJECTION_ORGANIZATION"
"9","-1.0","-0.3593","0.082","0.638","SERPINA1|SERPINB1|SLCO4C1|SVIP|TCIRG1|TNFAIP6|CXCL1|ADAM8|C3|NBEAL2|CFD|ADA2|AMPD3|APRT|CYBA|ATAD3B|CD68|CHI3L1|CRISPLD2|CTSZ|FGL2|DNASE1L1|ENPP4|ITGAM|FCGR2A|FUCA1|JUP|METTL7A|MGST1|PLAC8|MVP|NFASC|OLFM4|ORMDL3|PLAU|PLAUR|RHOF","https://www.gsea-msigdb.org/gsea/msigdb/human/geneset/REACTOME_NEUTROPHIL_DEGRANULATION","37","ENR","REACTOME_NEUTROPHIL_DEGRANULATION","-2.1294","0.0","REACTOME_NEUTROPHIL_DEGRANULATION","false","REACTOME_NEUTROPHIL_DEGRANULATION"
,"-1.0","-0.4628","0.0574","0.187","ISG20|LAGE3|LIN28B|MAEL|MYCN|NOC4L|OIP5-AS1|RPS21|SIRT7|SLFN13|TGFB2|TRMT2A|TSEN54|UTP14C|FOSL1|FOXO3|PPARG|PUS1|RPP25|ANKRD34A|AR|DUS1L|ELL2|ETS1|FOXA1","https://www.gsea-msigdb.org/gsea/msigdb/human/geneset/GOBP_NCRNA_METABOLIC_PROCESS","25","ENR","GOBP_NCRNA_METABOLIC_PROCESS","-2.3293","0.0","GOBP_NCRNA_METABOLIC_PROCESS","false","GOBP_NCRNA_METABOLIC_PROCESS"
"1","1.0","0.3821","5.0E-4","0.004","SMO|FEZ1|PLXNA4|CXCR4|ID4|HPRT1|NRP2|PROX1|INHBA|GLI2|EFNA2|DCLK1|FOXG1|BCAN|TUBA1A|ALK|TUBB2B|EPHA5|INHBB|FGFR2|COL3A1|POU3F2|LEF1|PAX6|ZIC1|TNR|GRIA1|ASCL1|CDK6|ROBO2|AQP1|SEMA5A|BTG2|ELAVL4|EPHB3|ERBB4|CDH2|HES1|PGAP1|KIF26A|DMRTA2|KCNC1|ITGAM|DISC1|SALL1|NOTCH3|OLIG2|KCNA2|POU3F3","https://www.gsea-msigdb.org/gsea/msigdb/human/geneset/GOBP_FOREBRAIN_DEVELOPMENT","49","ENR","GOBP_FOREBRAIN_DEVELOPMENT","2.6849","0.0","GOBP_FOREBRAIN_DEVELOPMENT","false","GOBP_FOREBRAIN_DEVELOPMENT"
,"-1.0","-0.5075","0.0786","0.172","SOCS1|CXCL3|CCDC85B|CDCP1|CNKSR2|F2RL2|FOSL1|GFAP|INHBB|ITGA9|LIF|LMO3|PLEC|IL1A|PUS1|RHBDF2|RPP25|SLCO4A1|STX11","https://www.gsea-msigdb.org/gsea/msigdb/human/geneset/IL2_UP.V1_UP","19","ENR","IL2_UP.V1_UP","-2.338","0.0","IL2_UP.V1_UP","false","IL2_UP.V1_UP"
"1","0.9954","0.4621","0.036","0.773","GRIA1|ASCL1|SMO|SOX11|DCC|VIT|DAAM2|SOX4|DLL1|HOXC10|OLIG2|PROX1|PAX6|SOX6|GLI2|LOXL3|ZIC1","https://www.gsea-msigdb.org/gsea/msigdb/human/geneset/GOBP_SPINAL_CORD_DEVELOPMENT","17","ENR","GOBP_SPINAL_CORD_DEVELOPMENT","2.0279","0.0046","GOBP_SPINAL_CORD_DEVELOPMENT","false","GOBP_SPINAL_CORD_DEVELOPMENT"
"1","1.0","0.4264","0.0103","0.221","GRIA1|ASCL1|SMO|FEZ1|CDK6|BTG2|ID4|PROX1|CDH2|KIF26A|FOXG1|BCAN|DMRTA2|DISC1|TUBA1A|ALK|TUBB2B|EPHA5|COL3A1|POU3F2|LEF1|PAX6|KCNA2|POU3F3|ZIC1","https://www.gsea-msigdb.org/gsea/msigdb/human/geneset/GOBP_PALLIUM_DEVELOPMENT","25","ENR","GOBP_PALLIUM_DEVELOPMENT","2.2812","0.0","GOBP_PALLIUM_DEVELOPMENT","false","GOBP_PALLIUM_DEVELOPMENT"
"2","1.0","0.3702","0.0231","0.6","COL26A1|COL4A2|COL11A1|A2M|COL17A1|ADAM8|ADAMTS4|COL23A1|LAMC2|COL4A1|FBN3|COL16A1|LAMA3|COL4A5|COL5A2|MMP2|BCAN|COL5A1|COL5A3|ELN|CAPN14|CAPN15|ADAMTS9|MMP16|PLG|COL3A1|COL2A1","https://www.gsea-msigdb.org/gsea/msigdb/human/geneset/REACTOME_DEGRADATION_OF_THE_EXTRACELLULAR_MATRIX","27","ENR","REACTOME_DEGRADATION_OF_THE_EXTRACELLULAR_MATRIX","2.1062","0.0","REACTOME_DEGRADATION_OF_THE_EXTRACELLULAR_MATRIX","false","REACTOME_DEGRADATION_OF_THE_EXTRACELLULAR_MATRIX"
"3","1.0","0.5249","0.0066","0.123","GRIA3|DLGAP1|GRIA1|PPFIBP2|NLGN1|SYT1|LRRTM2|GRIA4|NLGN4X|NLGN4Y|IL1RAPL2|LRRTM3|NTRK3|LRRC4B|NLGN3|GRIN2B|LRRTM4","https://www.gsea-msigdb.org/gsea/msigdb/human/geneset/REACTOME_PROTEIN_PROTEIN_INTERACTIONS_AT_SYNAPSES","17","ENR","REACTOME_PROTEIN_PROTEIN_INTERACTIONS_AT_SYNAPSES","2.3489","0.0","REACTOME_PROTEIN_PROTEIN_INTERACTIONS_AT_SYNAPSES","false","REACTOME_PROTEIN_PROTEIN_INTERACTIONS_AT_SYNAPSES"
"9","-1.0","-0.2907","0.079","0.445","BIRC3|CD4|TAX1BP1|TLR6|CXCL1|NBEAL2|ABI2|ADA2|IRAK1|AMPD3|IRF7|APRT|ARPC1B|ATAD3B|ATP6V1B1|CD68|CHI3L1|CRISPLD2|CTSZ|SIGIRR|CYFIP2|SOCS1|DNASE1L1|DUSP7|ELMO1|TRAF2|ENPP4|TXK|FCGR2A|FUCA1|GAB2|ITPR3|JUP|LAT|LCP2|MAP2K3|MAP3K1|MAPK10|METTL7A|MGST1|MVP|NFASC|OLFM4|ORMDL3|PELI2|PLAU|PLAUR|RHOF|RPS6KA2|S100B|SERPINA1|SERPINB1|SLCO4C1|SVIP|TCIRG1|TEC|TNFAIP6|ADAM8|C1R|C1S|C2|C3|C4B|CFD|CGAS|CYBA|DTX4|FGL2|IKBKG|ITGAM|MASP1|NFKB2|NLRC3|PLAC8|RNF135|SHC1","https://www.gsea-msigdb.org/gsea/msigdb/human/geneset/REACTOME_INNATE_IMMUNE_SYSTEM","76","ENR","REACTOME_INNATE_IMMUNE_SYSTEM","-2.201","0.0","REACTOME_INNATE_IMMUNE_SYSTEM","false","REACTOME_INNATE_IMMUNE_SYSTEM"
"1","1.0","0.3143","2.0E-4","0.001","SIRT2|PLP1|SMO|FEZ1|SETD1A|PLXNA4|CXCR4|FZD3|CA10|EGF|ID4|HPRT1|NRP2|RTN1|COL4A1|PROX1|INHBA|SOX6|GLI2|BMP7|EFNA2|DCLK1|FOXG1|MMP2|CRISPLD2|HOXB2|BCAN|NES|CCDC39|TUBA1A|ALK|ODAD2|TUBB2B|EPHA5|NME5|INHBB|FGFR2|ATXN1|COL3A1|DLL1|NDRG2|POU3F2|INA|NFASC|LEF1|PAX6|ZIC1|PDGFRA|TNR|MEIS3|FAIM2|GRIA1|ASCL1|ARNT2|TUBGCP2|CDK6|ROBO2|AQP1|SEMA5A|BTG2|ELAVL4|EPHB3|ERBB4|NLGN4X|CDH2|HES1|IRS2|GRIN2B|PGAP1|MBP|KIF26A|SERPINE2|FCGR2B|DMRTA2|SELENOP|KCNC1|ITGAM|DISC1|FLRT3|NRCAM|SALL1|COL2A1|NOTCH3|OLIG2|GPR158|KCNA2|POU3F3|ABAT|EN1","https://www.gsea-msigdb.org/gsea/msigdb/human/geneset/GOBP_HEAD_DEVELOPMENT","89","ENR","GOBP_HEAD_DEVELOPMENT","2.7764","0.0","GOBP_HEAD_DEVELOPMENT","false","GOBP_HEAD_DEVELOPMENT"
"1","1.0","0.1618","0.0678","0.994","CCL2|CCR1|CCRL2|CX3CL1|CXCL1|SH3RF2|CXCL10|CXCL3|CXCL6|CXCR4|ARHGEF39|FOXO3|PLEKHG5|IL17RA|CARMIL1|IL1A|IL33|RUFY3|IL6R|MEGF8|GLIPR2|MST1R|PPARG|STON1|FMNL1|PFN1|TNFRSF11A|ARMC2|MTUS1|DNER|ITGA9|PLEC|PODN|TNN|GPLD1|ETS1|APCDD1|MSTN|BAMBI|LDLRAD4|PXN|TGFB2|ASTN1|CDH11|ADAM8|AQP1|GLUL|PODXL|CFAP46|CD40|TACSTD2|CLDN1|SPAG16|CXCL16|TEKT2|EMILIN1|SERPINE2|GPER1|DNAH9|NAV3|NRCAM|MMRN2|CENPV|ADGRL3|FAT3|DAAM2|CFAP251|EPHA3|CDKN2B-AS1|LAMC2|NRP2|UNC5D|FAM83H|ABI2|STRIP2|PODXL2|ELMO1|MARVELD3|JUP|MAP2K3|NEO1|RIPOR1|PLAU|RHOF|TNR|TNFAIP6|MSX2|ITGA11|SEMA3F|SEMA5A|SEMA6A|EFNA1|FUT4|AMOT|CDH2|HES1|IRS2|PDE4B|LAMA3|PHLDA2|KIF26A|GPC4|BMPR2|MEOX2|FLRT3|PDPN|FMN2|SNAI2|AGT|ARHGEF5|FZD3|CEMIP|EGF|FGF1|NTRK3|PDGFA|LRATD1|PROX1|CER1|DZIP1|GRB10|MMP2|TMSB15A|TMSB15B|COL5A1|SDC2|SDC3|TUBA1A|TUBB2B|HDAC6|COL3A1|POU3F2|HAS2|LEF1|PAX6|POSTN|CEP131|NDRG4|ASCL1|HOXA5|DCC|LAMA2|TUBGCP2|VANGL2|EPHA4|IGFBP5|HOXA7|EDNRB|DISC1|ADORA1|NKD1|CCN4|CD200|JAM3|PLP1|PRKCZ|PTN|SMO|PLXNA4|ITGB3|GPC6|ARHGAP4|AUTS2|BMP7|DCLK1|FOXG1|SHTN1|S100A2|CATSPER1|CCDC39|ADAMTS9|CLDN3|GPM6A|BMPER|DOCK5|PDGFRA|TP53INP1|ADTRP|CADM4|CDK6|CDKL5|ENG|ENPP2|EPHB3|ERBB4|FGF5|FLT4|LDB2|LIMCH1|RND1|MARK1|NEDD9|RAP2A|RHOJ|SPATA13|DCHS1|SOX8|ACTA2|FAT1|EFNB2|PLG|POU3F3","https://www.gsea-msigdb.org/gsea/msigdb/human/geneset/GOBP_CELL_MOTILITY","202","ENR","GOBP_CELL_MOTILITY","1.8445","0.0","GOBP_CELL_MOTILITY","false","GOBP_CELL_MOTILITY"
"8","1.0","0.4029","0.03","0.703","CHI3L1|HOXA5|CSGALNACT1|BMPR2|SNAI2|COL11A1|MSX2|NKX3-2|HOXC4|TAPT1|CCN4|COL3A1|COL2A1|MATN3|SOX5|MAF|SOX6|SULF2|CER1|CYTL1|GPLD1|BMP7","https://www.gsea-msigdb.org/gsea/msigdb/human/geneset/GOBP_CARTILAGE_DEVELOPMENT","22","ENR","GOBP_CARTILAGE_DEVELOPMENT","2.0624","0.0","GOBP_CARTILAGE_DEVELOPMENT","false","GOBP_CARTILAGE_DEVELOPMENT"
"1","1.0","0.4512","0.0105","0.229","FOXG1|PTN|ASCL1|SMO|BCAN|DMRTA2|CX3CL1|DISC1|ACSL6|FZD3|BTG2|ID4|FGFR2|HAPLN1|VCAN|LEF1|PROX1|PAX6|SOX5|KIFAP3","https://www.gsea-msigdb.org/gsea/msigdb/human/geneset/GOBP_NEUROBLAST_PROLIFERATION","20","ENR","GOBP_NEUROBLAST_PROLIFERATION","2.2738","0.0","GOBP_NEUROBLAST_PROLIFERATION","false","GOBP_NEUROBLAST_PROLIFERATION"
"1","0.9975","0.2882","0.02","0.47","NDP|SIRT2|PLP1|CCL2|KLF15|PTN|SMO|CX3CL1|TENM4|DAAM2|SOX4|CXCR4|ID4|IL33|SOX6|FOXG1|BCAN|PTPRZ1|TUBA1A|DNER|GFAP|OLIG1|GAP43|LIF|COL3A1|DLL1|PLEC|DTX1|POU3F2|TMEM98|LEF1|PAX6|APCDD1|ASCL1|GPM6B|SOX11|LAMA2|TGFB2|CDK6|AREG|EPHA4|FGF5|HAPLN1|CDH2|HES1|BIN1|SERPINE2|CDKN2B|DISC1|SOX8|VCAN|NRROS|OLIG2","https://www.gsea-msigdb.org/gsea/msigdb/human/geneset/GOBP_GLIOGENESIS","53","ENR","GOBP_GLIOGENESIS","2.1557","0.0025","GOBP_GLIOGENESIS","false","GOBP_GLIOGENESIS"
"2","1.0","0.5451","0.008","0.159","COL4A5|COL5A2|COL5A1|COL28A1|COL26A1|COL4A2|COL5A3|COL11A1|COL17A1|COL23A1|COL22A1|COL3A1|COL2A1|COL4A1|COL16A1","https://www.gsea-msigdb.org/gsea/msigdb/human/geneset/REACTOME_COLLAGEN_BIOSYNTHESIS_AND_MODIFYING_ENZYMES","15","ENR","REACTOME_COLLAGEN_BIOSYNTHESIS_AND_MODIFYING_ENZYMES","2.3155","0.0","REACTOME_COLLAGEN_BIOSYNTHESIS_AND_MODIFYING_ENZYMES","false","REACTOME_COLLAGEN_BIOSYNTHESIS_AND_MODIFYING_ENZYMES"
"1","0.9951","0.2485","0.0837","1.0","KLF15|SMO|NKX3-1|WNK4|SOX4|AGT|ITGB3|FGF1|PDGFA|COL4A1|PROX1|IL6R|GLI2|SULF2|CER1|BMP7|LIF|FGFR2|DLL1|HAS2|BMPER|LZTS2|PDGFRA|SOX11|TMEM59L|TGFB2|ROBO2|VANGL2|AQP1|EPHA4|ERBB4|PODXL|HES1|TACSTD2|PCSK5|SERPINB7|FREM2|GCNT4|GREB1L|EDNRB|KCNJ8|DCHS1|SOX8|TFAP2B|ACTA2|EFNB2|SALL1|IRX3|NOTCH3|POU3F3","https://www.gsea-msigdb.org/gsea/msigdb/human/geneset/GOBP_RENAL_SYSTEM_DEVELOPMENT","50","ENR","GOBP_RENAL_SYSTEM_DEVELOPMENT","1.789","0.0049","GOBP_RENAL_SYSTEM_DEVELOPMENT","false","GOBP_RENAL_SYSTEM_DEVELOPMENT"
"1","1.0","0.3027","9.0E-4","0.013","NDP|PTN|SMO|FEZ1|CDHR1|DVL1|NLGN1|PLXNA4|FZD3|EPHA3|FARP1|DPYSL5|HPRT1|NRP2|UNC5D|RUFY3|ABI2|MEGF8|ARHGAP4|GLI2|AUTS2|BMP7|EFNA2|DCLK1|FOXG1|NCAM1|SHTN1|ANOS1|CYFIP2|PTPRZ1|SDC2|TRPV2|MAP2|TUBB2B|HDAC6|EPHA5|LPAR3|GAP43|ATL1|FGFR2|POU3F2|NEO1|NFASC|NOVA2|TNN|NLGN3|PAX6|TNR|S100B|SLC1A3|DCC|LAMA2|BOC|CDH11|CDKL5|CHODL|CTNND2|ROBO2|TPRN|SEMA3F|SEMA5A|EPHA6|SEMA6A|ELAVL4|EPHB3|EPHA4|EFNA1|ITPKA|CDH2|HES1|CDH4|RAP2A|PLEKHG4|BMPR2|KIF5A|DISC1|FLRT3|KIF5C|TNIK|ULK2|CDH23|NRCAM|EFNB2|EFNB3|OLFM1|ROBO3|NOTCH3","https://www.gsea-msigdb.org/gsea/msigdb/human/geneset/GOBP_CELL_MORPHOGENESIS_INVOLVED_IN_NEURON_DIFFERENTIATION","87","ENR","GOBP_CELL_MORPHOGENESIS_INVOLVED_IN_NEURON_DIFFERENTIATION","2.5566","0.0","GOBP_CELL_MORPHOGENESIS_INVOLVED_IN_NEURON_DIFFERENTIATION","false","GOBP_CELL_MORPHOGENESIS_INVOLVED_IN_NEURON_DIFFERENTIATION"
"2","1.0","0.5579","4.0E-4","0.004","HLA-DRA|HLA-DRB5|FCGR2B|HLA-DPA1|FCGR2A|HLA-DRB1|C1R|C1S|C2|C3|C4B|HLA-DMA|ACTN2|CD40|HLA-DMB|HLA-DOA|H2BC9|GRIN2B|HLA-DPB1","https://www.gsea-msigdb.org/gsea/msigdb/human/geneset/KEGG_SYSTEMIC_LUPUS_ERYTHEMATOSUS","19","ENR","KEGG_SYSTEMIC_LUPUS_ERYTHEMATOSUS","2.652","0.0","KEGG_SYSTEMIC_LUPUS_ERYTHEMATOSUS","false","KEGG_SYSTEMIC_LUPUS_ERYTHEMATOSUS"
"7","1.0","0.2463","0.0455","0.902","NDP|MC1R|PRKCZ|SNCA|BCHE|PTN|OXR1|PPP1R1B|DVL1|RNF180|NLGN1|B3GAT1|FOSL1|TANC1|NTSR1|HPRT1|APRT|SCN3A|JPH4|ATP6V1B1|CRBN|PRKN|C3ORF70|PTPRZ1|TUBA1A|ALK|ITPR3|NR1D2|ATXN1|GPR37|KCND2|NLGN3|ORMDL3|PAX6|ZIC1|TNR|GPR176|S100B|GRIA1|NDRG4|SLC1A3|ACVR2A|SLC6A1|ASTN1|BTG2|ELAVL4|PYY|EPHA4|NLGN4X|NLGN4Y|GRIN2B|NEDD9|SERPINE2|GCNT4|SELENOP|CLSTN2|EDNRB|ACE2|ADORA1|SOBP|CDH23|CAMK4|EFNB3|CNR1|ADCY5|DMRTA1|GNG7|KCNA2|ABAT|EN1","https://www.gsea-msigdb.org/gsea/msigdb/human/geneset/GOBP_BEHAVIOR","70","ENR","GOBP_BEHAVIOR","1.9614","0.0","GOBP_BEHAVIOR","false","GOBP_BEHAVIOR"
"1","0.9953","0.4005","0.0158","0.373","FAIM2|ASCL1|SMO|DCC|PLXNA4|CDH11|BRINP2|BTG2|ELAVL4|EPHB3|ID4|EPHA4|HOXC10|HPRT1|NRP2|PROX1|HES1|INHBA|GLI2|DCLK1|FOXG1|DISC1|MAP2|FGFR2|NOVA2|OLIG2|PAX6","https://www.gsea-msigdb.org/gsea/msigdb/human/geneset/GOBP_CENTRAL_NERVOUS_SYSTEM_NEURON_DIFFERENTIATION","27","ENR","GOBP_CENTRAL_NERVOUS_SYSTEM_NEURON_DIFFERENTIATION","2.1932","0.0047","GOBP_CENTRAL_NERVOUS_SYSTEM_NEURON_DIFFERENTIATION","false","GOBP_CENTRAL_NERVOUS_SYSTEM_NEURON_DIFFERENTIATION"
"1","1.0","0.4867","0.01","0.207","PLP1|PTN|ASCL1|GPM6B|PTPRZ1|SOX11|TENM4|DAAM2|CXCR4|SOX8|OLIG1|ID4|IL33|TMEM98|OLIG2|HES1|PAX6|SOX6","https://www.gsea-msigdb.org/gsea/msigdb/human/geneset/GOBP_OLIGODENDROCYTE_DIFFERENTIATION","18","ENR","GOBP_OLIGODENDROCYTE_DIFFERENTIATION","2.2874","0.0","GOBP_OLIGODENDROCYTE_DIFFERENTIATION","false","GOBP_OLIGODENDROCYTE_DIFFERENTIATION"
"1","1.0","0.2596","6.0E-4","0.009","FRY|CDHR1|CX3CL1|CXCR4|RP1|FZD3|IL15RA|CACNG7|DPYSL5|HPRT1|NTRK3|RUFY3|MEGF8|TENM1|CTF1|CPNE5|ATP8B1|MMP2|PRKN|NCAM1|PTPRZ1|SDC2|TUBA1A|TUBB2B|ALKAL2|HDAC6|LPAR3|GFAP|NR2E3|LIF|ATL1|POU3F2|NOVA2|TNN|NLGN3|PAX6|POSTN|NDRG4|ASCL1|GPM6B|DCC|LAMA2|TGFB2|CDH11|CTNND2|TPRN|ELAVL4|EPHA4|C3|OPCML|UGT8|EDNRB|KIF5A|DISC1|KIF5C|NRCAM|ROBO3|CNR1|EN1|NDP|PLP1|PRKCZ|PTN|SMO|FEZ1|DVL1|FAT3|NLGN1|TENM4|PLXNA4|SYT1|EPHA3|FARP1|NRP2|UNC5D|ABI2|ARHGAP4|GLI2|AUTS2|BMP7|EFNA2|DCLK1|FOXG1|SHTN1|ANOS1|CYFIP2|TRPV2|MAP2|ALK|STMN4|EPHA5|OLIG1|GAP43|FGFR2|GPM6A|GPR37|NEO1|NFASC|RTN4RL2|TNR|S100B|SLC1A3|BOC|CDKL5|CHODL|ROBO2|SEMA3F|SEMA5A|AREG|EPHA6|SEMA6A|BTG2|EPHB3|EFNA1|EHD1|ITPKA|CDH2|HES1|CDH4|RND1|MARK1|KIF26A|RAP2A|PLEKHG4|BMPR2|FLRT3|TNIK|ULK2|CDH23|EFNB2|EFNB3|OLFM1|NOTCH3|OLIG2|TENM2","https://www.gsea-msigdb.org/gsea/msigdb/human/geneset/GOBP_NEURON_DEVELOPMENT","135","ENR","GOBP_NEURON_DEVELOPMENT","2.5957","0.0","GOBP_NEURON_DEVELOPMENT","false","GOBP_NEURON_DEVELOPMENT"
"2","0.9976","0.3068","0.0224","0.571","FMOD|CSGALNACT1|ADTRP|GPM6B|COL4A2|ECM2|VIT|LAMA2|TGFB2|COL11A1|AGT|COL17A1|ADAM8|ENG|ADAMTS4|COL23A1|ITGB3|COL22A1|COL4A1|MATN3|SULF2|MATN2|COL16A1|COL4A5|EMILIN1|COL5A2|MMP2|CRISPLD2|KAZALD1|COL5A1|COL28A1|COL5A3|ELN|PDPN|GFAP|ADAMTS9|FBLN5|MMP16|NFKB2|PLG|COL3A1|HAS2|COL2A1|CAPG|POSTN|LOXL3|PDGFRA|TNR","https://www.gsea-msigdb.org/gsea/msigdb/human/geneset/GOBP_EXTERNAL_ENCAPSULATING_STRUCTURE_ORGANIZATION","48","ENR","GOBP_EXTERNAL_ENCAPSULATING_STRUCTURE_ORGANIZATION","2.1153","0.0024","GOBP_EXTERNAL_ENCAPSULATING_STRUCTURE_ORGANIZATION","false","GOBP_EXTERNAL_ENCAPSULATING_STRUCTURE_ORGANIZATION"
"1","1.0","0.3966","0.0013","0.022","GRIA1|ASCL1|SMO|FEZ1|PLXNA4|CDK6|CXCR4|ROBO2|AQP1|BTG2|EPHB3|ID4|ERBB4|HPRT1|PROX1|CDH2|HES1|INHBA|EFNA2|KIF26A|FOXG1|BCAN|DMRTA2|KCNC1|DISC1|TUBA1A|ALK|TUBB2B|EPHA5|SALL1|COL3A1|POU3F2|LEF1|PAX6|KCNA2|POU3F3|ZIC1|TNR","https://www.gsea-msigdb.org/gsea/msigdb/human/geneset/GOBP_TELENCEPHALON_DEVELOPMENT","38","ENR","GOBP_TELENCEPHALON_DEVELOPMENT","2.5244","0.0","GOBP_TELENCEPHALON_DEVELOPMENT","false","GOBP_TELENCEPHALON_DEVELOPMENT"
"1","1.0","0.3234","5.0E-4","0.003","NDP|PLP1|PTN|SMO|FEZ1|DVL1|PLXNA4|FZD3|EPHA3|DPYSL5|NRP2|UNC5D|RUFY3|MEGF8|ARHGAP4|GLI2|AUTS2|BMP7|EFNA2|DCLK1|FOXG1|MMP2|NCAM1|SHTN1|ANOS1|CYFIP2|PTPRZ1|TRPV2|MAP2|TUBB2B|HDAC6|EPHA5|LPAR3|OLIG1|GAP43|ATL1|FGFR2|POU3F2|NEO1|NFASC|NOVA2|TNN|NLGN3|PAX6|RTN4RL2|TNR|S100B|GPM6B|DCC|LAMA2|BOC|CDH11|CDKL5|CHODL|ROBO2|SEMA3F|SEMA5A|EPHA6|SEMA6A|EPHB3|EPHA4|EFNA1|CDH2|CDH4|PLEKHG4|BMPR2|KIF5A|DISC1|FLRT3|KIF5C|ULK2|NRCAM|EFNB2|EFNB3|OLFM1|ROBO3|CNR1|NOTCH3|OLIG2","https://www.gsea-msigdb.org/gsea/msigdb/human/geneset/GOBP_AXON_DEVELOPMENT","79","ENR","GOBP_AXON_DEVELOPMENT","2.7224","0.0","GOBP_AXON_DEVELOPMENT","false","GOBP_AXON_DEVELOPMENT"
"1","1.0","0.464","4.0E-4","0.005","SIRT2|PTN|ASCL1|SMO|CX3CL1|ACSL6|FZD3|BTG2|EGF|ID4|HAPLN1|PROX1|CDH2|SOX5|FOXG1|BCAN|DMRTA2|NES|PTPRZ1|DISC1|FGFR2|VCAN|POU3F2|LEF1|PAX6|KIFAP3|POU3F3","https://www.gsea-msigdb.org/gsea/msigdb/human/geneset/GOBP_NEURAL_PRECURSOR_CELL_PROLIFERATION","27","ENR","GOBP_NEURAL_PRECURSOR_CELL_PROLIFERATION","2.6332","0.0","GOBP_NEURAL_PRECURSOR_CELL_PROLIFERATION","false","GOBP_NEURAL_PRECURSOR_CELL_PROLIFERATION"
"3","0.9976","0.3882","0.0209","0.537","GRIK3|CCL2|GRIA1|GRIK1|GRIK5|NLGN1|SYT1|UNC13B|FRRS1L|CACNG7|CDH2|GRIN2B|GRIA3|SERPINE2|PRKN|CACNG8|GRIA2|DISC1|KCNJ8|ADORA1|HDAC6|CDHR3|GRIA4|CNR1|NLGN3|CACNG4|TNR","https://www.gsea-msigdb.org/gsea/msigdb/human/geneset/GOBP_SYNAPTIC_TRANSMISSION_GLUTAMATERGIC","27","ENR","GOBP_SYNAPTIC_TRANSMISSION_GLUTAMATERGIC","2.1289","0.0024","GOBP_SYNAPTIC_TRANSMISSION_GLUTAMATERGIC","false","GOBP_SYNAPTIC_TRANSMISSION_GLUTAMATERGIC"
,"1.0","0.4137","4.0E-4","0.005","PLP1|CRYAB|SLC1A3|PNMA2|SLC6A1|TRIL|SYT1|A2M|FZD3|NUDT11|RTN1|LIMCH1|CA2|TRIB2|WSCD1|SCG3|TMEM100|SELENOP|GRIA2|PMP2|KCNJ8|KIF5C|PCP4|SOBP|NME5|HEY1|NRCAM|TSPAN7|GAP43|LMO3|GPM6A|GPR37|METTL7A|SPARCL1|GPRC5B|PEG3|PELI2","https://www.gsea-msigdb.org/gsea/msigdb/human/geneset/KRAS.KIDNEY_UP.V1_UP","37","ENR","KRAS.KIDNEY_UP.V1_UP","2.629","0.0","KRAS.KIDNEY_UP.V1_UP","false","KRAS.KIDNEY_UP.V1_UP"
"1","1.0","0.3255","0.0094","0.192","NDP|SMO|FEZ1|DVL1|PLXNA4|FZD3|EPHA3|DPYSL5|NRP2|UNC5D|MEGF8|GLI2|BMP7|EFNA2|FOXG1|NCAM1|ANOS1|CYFIP2|TUBB2B|HDAC6|EPHA5|GAP43|NEO1|NFASC|NOVA2|PAX6|TNR|DCC|LAMA2|BOC|ROBO2|SEMA3F|SEMA5A|EPHA6|SEMA6A|EPHB3|EPHA4|EFNA1|CDH4|PLEKHG4|BMPR2|KIF5A|FLRT3|KIF5C|NRCAM|EFNB2|EFNB3|ROBO3|NOTCH3","https://www.gsea-msigdb.org/gsea/msigdb/human/geneset/GOBP_AXON_GUIDANCE","49","ENR","GOBP_AXON_GUIDANCE","2.2963","0.0","GOBP_AXON_GUIDANCE","false","GOBP_AXON_GUIDANCE"
"1","0.9976","0.2535","0.0216","0.521","SIRT2|PTN|SMO|CX3CL1|NLGN1|TENM4|DAAM2|PLXNA4|CXCR4|FZD3|ID4|DPYSL5|LRRTM3|IL33|SYNDIG1|PROX1|RUFY3|TYMP|MEGF8|ARHGAP4|BMP7|FOXG1|BCAN|SHTN1|PTPN13|PTPRZ1|TGM2|TRPV2|MAP2|HDAC6|LPAR3|GFAP|LIF|LRRTM2|DLL1|TMEM98|LEF1|LRRN1|NLGN3|PAX6|LRRN3|TNR|ASCL1|SOX11|DCC|CDKL5|CHODL|ROBO2|SEMA3F|SEMA5A|SEMA6A|BTG2|EPHB3|EPHA4|HAPLN1|ITPKA|HES1|LRRC4B|CDH4|BIN1|SERPINE2|DMRTA2|GPER1|CLSTN2|BMPR2|CDKN2B|DISC1|FLRT3|SOX8|ULK2|TG|HEY1|EFNB3|VCAN|OLIG2|KIFAP3","https://www.gsea-msigdb.org/gsea/msigdb/human/geneset/GOBP_REGULATION_OF_NERVOUS_SYSTEM_DEVELOPMENT","76","ENR","GOBP_REGULATION_OF_NERVOUS_SYSTEM_DEVELOPMENT","2.1335","0.0024","GOBP_REGULATION_OF_NERVOUS_SYSTEM_DEVELOPMENT","false","GOBP_REGULATION_OF_NERVOUS_SYSTEM_DEVELOPMENT"
